t,z_s
0.000000000000000000e+00,0.000000000000000000e+00
9.765625000000000000e-04,0.000000000000000000e+00
1.953125000000000000e-03,4.816374225936239918e-08
2.929687500000000000e-03,2.166093490228456429e-07
3.906250000000000000e-03,5.920978917575849850e-07
4.882812500000000000e-03,1.273196932865623872e-06
5.859375000000000000e-03,2.367710988292461261e-06
6.835937500000000000e-03,3.990362604203797214e-06
7.812500000000000000e-03,6.260708042052945694e-06
8.789062500000000000e-03,9.301271952471939759e-06
9.765625000000000000e-03,1.323588587462520009e-05
1.074218750000000000e-02,1.818821591060454954e-05
1.171875000000000000e-02,2.428046548215849238e-05
1.269531250000000000e-02,3.163223966887957557e-05
1.367187500000000000e-02,4.035955824346992122e-05
1.464843750000000000e-02,5.057400515253007559e-05
1.562500000000000000e-02,6.238200283315885135e-05
1.660156250000000000e-02,7.588420040014356267e-05
1.757812500000000000e-02,9.117496538015352103e-05
1.855468750000000000e-02,1.083419693034044936e-04
1.953125000000000000e-02,1.274658580857325149e-04
2.050781250000000000e-02,1.486199987415435229e-04
2.148437500000000000e-02,1.718702945579168417e-04
2.246093750000000000e-02,1.972750614299889822e-04
2.343750000000000000e-02,2.248849586058495492e-04
2.441406250000000000e-02,2.547429676141886113e-04
2.539062500000000000e-02,2.868844136488559989e-04
2.636718750000000000e-02,3.213370241606726928e-04
2.734375000000000000e-02,3.581210198579023053e-04
2.832031250000000000e-02,3.972492337426293280e-04
2.929687500000000000e-02,4.387272542110010206e-04
3.027343750000000000e-02,4.825535886211540829e-04
3.125000000000000000e-02,5.287198440841151892e-04
3.222656250000000000e-02,5.772109225606074281e-04
3.320312500000000000e-02,6.280052276512057769e-04
3.417968750000000000e-02,6.810748807494341507e-04
3.515625000000000000e-02,7.363859444880381175e-04
3.613281250000000000e-02,7.938986516486967217e-04
3.710937500000000000e-02,8.535676379257971019e-04
3.808593750000000000e-02,9.153421771365573539e-04
3.906250000000000000e-02,9.791664176537217840e-04
4.003906250000000000e-02,1.044979619004264429e-03
4.101562500000000000e-02,1.112716387729002906e-03
4.199218750000000000e-02,1.182306911734715875e-03
4.296875000000000000e-02,1.253677192493239580e-03
4.394531250000000000e-02,1.326749274552021639e-03
4.492187500000000000e-02,1.401441471918638080e-03
4.589843750000000000e-02,1.477668590968728071e-03
4.687500000000000000e-02,1.555342149603492060e-03
4.785156250000000000e-02,1.634370592450164889e-03
4.882812500000000000e-02,1.714659501957482412e-03
4.980468750000000000e-02,1.796111805288838192e-03
5.078125000000000000e-02,1.878627976959288759e-03
5.175781250000000000e-02,1.962106237199459213e-03
5.273437500000000000e-02,2.046442746060354433e-03
5.371093750000000000e-02,2.131531793298673590e-03
5.468750000000000000e-02,2.217265984103008666e-03
5.566406250000000000e-02,2.303536420737782846e-03
5.664062500000000000e-02,2.390232880194435514e-03
5.761718750000000000e-02,2.477243987948617079e-03
5.859375000000000000e-02,2.564457387928433321e-03
5.957031250000000000e-02,2.651759908802444818e-03
6.054687500000000000e-02,2.739037726697527830e-03
6.152343750000000000e-02,2.826176524456158745e-03
6.250000000000000000e-02,2.913061647540469805e-03
6.347656250000000000e-02,2.999578256686824280e-03
6.445312500000000000e-02,3.085611477409880114e-03
6.542968750000000000e-02,3.171046546449405104e-03
6.640625000000000000e-02,3.255768955246630958e-03
6.738281250000000000e-02,3.339664590529882373e-03
6.835937500000000000e-02,3.422619872081748837e-03
6.933593750000000000e-02,3.504521887752296613e-03
7.031250000000000000e-02,3.585258525774887624e-03
7.128906250000000000e-02,3.664718604433183161e-03
7.226562500000000000e-02,3.742791999119943116e-03
7.324218750000000000e-02,3.819369766820394051e-03
7.421875000000000000e-02,3.894344268045257535e-03
7.519531250000000000e-02,3.967609286231118214e-03
7.617187500000000000e-02,4.039060144618658761e-03
7.714843750000000000e-02,4.108593820612490947e-03
7.812500000000000000e-02,4.176109057619860170e-03
7.910156250000000000e-02,4.241506474359437069e-03
8.007812500000000000e-02,4.304688671625768112e-03
8.105468750000000000e-02,4.365560336489727675e-03
8.203125000000000000e-02,4.424028343910509434e-03
8.300781250000000000e-02,4.480001855730342437e-03
8.398437500000000000e-02,4.533392417019188082e-03
8.496093750000000000e-02,4.584114049733201308e-03
8.593750000000000000e-02,4.632083343647661056e-03
8.691406250000000000e-02,4.677219544522469470e-03
8.789062500000000000e-02,4.719444639456081558e-03
8.886718750000000000e-02,4.758683439381924604e-03
8.984375000000000000e-02,4.794863658659936391e-03
9.082031250000000000e-02,4.827915991714813032e-03
9.179687500000000000e-02,4.857774186671865065e-03
9.277343750000000000e-02,4.884375115941047389e-03
9.375000000000000000e-02,4.907658843699727776e-03
9.472656250000000000e-02,4.927568690225058758e-03
9.570312500000000000e-02,4.944051293027437038e-03
9.667968750000000000e-02,4.957056664737414901e-03
9.765625000000000000e-02,4.966538247699593851e-03
9.863281250000000000e-02,4.972452965228434107e-03
9.960937500000000000e-02,4.974761269482546808e-03
1.005859375000000000e-01,4.973427185915907552e-03
1.015625000000000000e-01,4.968418354266478619e-03
1.025390625000000000e-01,4.959706066044980606e-03
1.035156250000000000e-01,4.947265298488973291e-03
1.044921875000000000e-01,4.931074744949988549e-03
1.054687500000000000e-01,4.911116841684177309e-03
1.064453125000000000e-01,4.887377791019798315e-03
1.074218750000000000e-01,4.859847580877841959e-03
1.083984375000000000e-01,4.828520000625179803e-03
1.093750000000000000e-01,4.793392653242797147e-03
1.103515625000000000e-01,4.754466963794939417e-03
1.113281250000000000e-01,4.711748184188338170e-03
1.123046875000000000e-01,4.665245394214083408e-03
1.132812500000000000e-01,4.614971498868171429e-03
1.142578125000000000e-01,4.560943221950245971e-03
1.152343750000000000e-01,4.503181095943607423e-03
1.162109375000000000e-01,4.441709448183113300e-03
1.171875000000000000e-01,4.376556383321183151e-03
1.181640625000000000e-01,4.307753762105730189e-03
1.191406250000000000e-01,4.235337176487431916e-03
1.201171875000000000e-01,4.159345921077355936e-03
1.210937500000000000e-01,4.079822960979565330e-03
1.220703125000000000e-01,3.996814896026888546e-03
1.230468750000000000e-01,3.910371921451613955e-03
1.240234375000000000e-01,3.820547785026403350e-03
1.250000000000000000e-01,3.727399740714214087e-03
1.259765625000000000e-01,3.630988498869500754e-03
1.269531250000000000e-01,3.531378173036392887e-03
1.279296875000000000e-01,3.428636223392925349e-03
1.289062500000000000e-01,3.322833396893743428e-03
1.298828125000000000e-01,3.214043664166979421e-03
1.308593750000000000e-01,3.102344153224229680e-03
1.318359375000000000e-01,2.987815080045723090e-03
1.328125000000000000e-01,2.870539676105877524e-03
1.337890625000000000e-01,2.750604112907474412e-03
1.347656250000000000e-01,2.628097423595641448e-03
1.357421875000000000e-01,2.503111421725734333e-03
1.367187500000000000e-01,2.375740617262015256e-03
1.376953125000000000e-01,2.246082129886759274e-03
1.386718750000000000e-01,2.114235599702086500e-03
1.396484375000000000e-01,1.980303095409371907e-03
1.406250000000000000e-01,1.844389020053580639e-03
1.416015625000000000e-01,1.706600014422263688e-03
1.425781250000000000e-01,1.567044858191257717e-03
1.435546875000000000e-01,1.425834368911342185e-03
1.445312500000000000e-01,1.283081298932221359e-03
1.455078125000000000e-01,1.138900230362223853e-03
1.464843750000000000e-01,9.934074681640285651e-04
1.474609375000000000e-01,8.467209314885534160e-04
1.484375000000000000e-01,6.989600433508593499e-04
1.494140625000000000e-01,5.502456187535432900e-04
1.503906250000000000e-01,4.006997513646081929e-04
1.513671875000000000e-01,2.504456988582046692e-04
1.523437500000000000e-01,9.960776702794491293e-05
1.533203125000000000e-01,-5.168880721631639689e-05
1.542968750000000000e-01,-2.033179738562516947e-04
1.552734375000000000e-01,-3.551529886644189593e-04
1.562500000000000000e-01,-5.070665328813785903e-04
1.572265625000000000e-01,-6.589308335559794028e-04
1.582031250000000000e-01,-8.106177844335767102e-04
1.591796875000000000e-01,-9.619990672764079176e-04
1.601562500000000000e-01,-1.112946273499926123e-03
1.611328125000000000e-01,-1.263331026008579104e-03
1.621093750000000000e-01,-1.413025101114318786e-03
1.630859375000000000e-01,-1.561900550421036838e-03
1.640625000000000000e-01,-1.709829822558143293e-03
1.650390625000000000e-01,-1.856685884646641378e-03
1.660156250000000000e-01,-2.002342343381292855e-03
1.669921875000000000e-01,-2.146673565612831295e-03
1.679687500000000000e-01,-2.289554798314637554e-03
1.689453125000000000e-01,-2.430862287818880488e-03
1.699218750000000000e-01,-2.570473398207805474e-03
1.708984375000000000e-01,-2.708266728746647634e-03
1.718750000000000000e-01,-2.844122230245556705e-03
1.728515625000000000e-01,-2.977921320238924915e-03
1.738281250000000000e-01,-3.109546996871626837e-03
1.748046875000000000e-01,-3.238883951382903574e-03
1.757812500000000000e-01,-3.365818679079945943e-03
1.767578125000000000e-01,-3.490239588694659875e-03
1.777343750000000000e-01,-3.612037110018622918e-03
1.787109375000000000e-01,-3.731103799712873550e-03
1.796875000000000000e-01,-3.847334445190894996e-03
1.806640625000000000e-01,-3.960626166474977977e-03
1.816406250000000000e-01,-4.070878515928065024e-03
1.826171875000000000e-01,-4.177993575765191238e-03
1.835937500000000000e-01,-4.281876053250719370e-03
1.845703125000000000e-01,-4.382433373489783186e-03
1.855468750000000000e-01,-4.479575769724598693e-03
1.865234375000000000e-01,-4.573216371048683705e-03
1.875000000000000000e-01,-4.663271287454452685e-03
1.884765625000000000e-01,-4.749659692132194265e-03
1.894531250000000000e-01,-4.832303900941008895e-03
1.904296875000000000e-01,-4.911129448974992789e-03
1.914062500000000000e-01,-4.986065164150669214e-03
1.923828125000000000e-01,-5.057043237744507022e-03
1.933593750000000000e-01,-5.123999291812240779e-03
1.943359375000000000e-01,-5.186872443424653256e-03
1.953125000000000000e-01,-5.245605365657501212e-03
1.962890625000000000e-01,-5.300144345276318510e-03
1.972656250000000000e-01,-5.350439337059974786e-03
1.982421875000000000e-01,-5.396444014710030310e-03
1.992187500000000000e-01,-5.438115818296162911e-03
2.001953125000000000e-01,-5.475415998191223224e-03
2.011718750000000000e-01,-5.508309655452778286e-03
2.021484375000000000e-01,-5.536765778611383616e-03
2.031250000000000000e-01,-5.560757276829205766e-03
2.041015625000000000e-01,-5.580261009396053802e-03
2.050781250000000000e-01,-5.595257811533352853e-03
2.060546875000000000e-01,-5.605732516480064001e-03
2.070312500000000000e-01,-5.611673973838085874e-03
2.080078125000000000e-01,-5.613075064158211218e-03
2.089843750000000000e-01,-5.609932709751255797e-03
2.099609375000000000e-01,-5.602247881712556568e-03
2.109375000000000000e-01,-5.590025603151618262e-03
2.119140625000000000e-01,-5.573274948622265398e-03
2.128906250000000000e-01,-5.552009039752267561e-03
2.138671875000000000e-01,-5.526245037074987120e-03
2.148437500000000000e-01,-5.496004128069197255e-03
2.158203125000000000e-01,-5.461311511416806416e-03
2.167968750000000000e-01,-5.422196377491795422e-03
2.177734375000000000e-01,-5.378691885097254717e-03
2.187500000000000000e-01,-5.330835134470942108e-03
2.197265625000000000e-01,-5.278667136583322685e-03
2.207031250000000000e-01,-5.222232778755562035e-03
2.216796875000000000e-01,-5.161580786628418467e-03
2.226562500000000000e-01,-5.096763682516440748e-03
2.236328125000000000e-01,-5.027837740185301350e-03
2.246093750000000000e-01,-4.954862936093470081e-03
2.255859375000000000e-01,-4.877902897142794882e-03
2.265625000000000000e-01,-4.797024844985852549e-03
2.275390625000000000e-01,-4.712299536941196021e-03
2.285156250000000000e-01,-4.623801203570837570e-03
2.294921875000000000e-01,-4.531607482977466177e-03
2.304687500000000000e-01,-4.435799351882011195e-03
2.314453125000000000e-01,-4.336461053545211455e-03
2.324218750000000000e-01,-4.233680022599831810e-03
2.333984375000000000e-01,-4.127546806863119019e-03
2.343750000000000000e-01,-4.018154986201921686e-03
2.353515625000000000e-01,-3.905601088525724376e-03
2.363281250000000000e-01,-3.789984502985544422e-03
2.373046875000000000e-01,-3.671407390459308345e-03
2.382812500000000000e-01,-3.549974591406889184e-03
2.392578125000000000e-01,-3.425793531180486642e-03
2.402343750000000000e-01,-3.298974122878447091e-03
2.412109375000000000e-01,-3.169628667832956326e-03
2.421875000000000000e-01,-3.037871753824279621e-03
2.431640625000000000e-01,-2.903820151116390334e-03
2.441406250000000000e-01,-2.767592706410898235e-03
2.451171875000000000e-01,-2.629310234818167669e-03
2.460937500000000000e-01,-2.489095409946402541e-03
2.470703125000000000e-01,-2.347072652211272363e-03
2.480468750000000000e-01,-2.203368015470344443e-03
2.490234375000000000e-01,-2.058109072088185488e-03
2.500000000000000000e-01,-1.911424796539496363e-03
2.509765625000000000e-01,-1.763445447659041983e-03
2.519531250000000000e-01,-1.614302449648427618e-03
2.529296875000000000e-01,-1.464128271950968776e-03
2.539062500000000000e-01,-1.313056308106987568e-03
2.548828125000000000e-01,-1.161220753702846796e-03
2.558593750000000000e-01,-1.008756483527909744e-03
2.568359375000000000e-01,-8.557989280543784171e-04
2.578125000000000000e-01,-7.024839493556219502e-04
2.587890625000000000e-01,-5.489477165791555383e-04
2.597656250000000000e-01,-3.953265810908712652e-04
2.607421875000000000e-01,-2.417569514074519878e-04
2.617187500000000000e-01,-8.837516803411883909e-05
2.626953125000000000e-01,6.468262167502581805e-05
2.636718750000000000e-01,2.172805885168004579e-04
2.646484375000000000e-01,3.692833461817417824e-04
2.656250000000000000e-01,5.205560756229697271e-04
2.666015625000000000e-01,6.709646489345238692e-04
2.675781250000000000e-01,8.203757526230163501e-04
2.685546875000000000e-01,9.686570101569967096e-04
2.695312500000000000e-01,1.115677103679085531e-03
2.705078125000000000e-01,1.261305894766698342e-03
2.714843750000000000e-01,1.405414544128060546e-03
2.724609375000000000e-01,1.547875630121194144e-03
2.734375000000000000e-01,1.688563265984644596e-03
2.744140625000000000e-01,1.827353215669912144e-03
2.753906250000000000e-01,1.964123008166843414e-03
2.763671875000000000e-01,2.098752050214644678e-03
2.773437500000000000e-01,2.231121737292670465e-03
2.783203125000000000e-01,2.361115562786749930e-03
2.792968750000000000e-01,2.488619225228503890e-03
2.802734375000000000e-01,2.613520733506903039e-03
2.812500000000000000e-01,2.735710509953211307e-03
2.822265625000000000e-01,2.855081491202433094e-03
2.832031250000000000e-01,2.971529226736468240e-03
2.841796875000000000e-01,3.084951975016328798e-03
2.851562500000000000e-01,3.195250797113036775e-03
2.861328125000000000e-01,3.302329647749148705e-03
2.871093750000000000e-01,3.406095463665273753e-03
2.880859375000000000e-01,3.506458249228456073e-03
2.890625000000000000e-01,3.603331159201866082e-03
2.900390625000000000e-01,3.696630578597902023e-03
2.910156250000000000e-01,3.786276199539530610e-03
2.919921875000000000e-01,3.872191095057494949e-03
2.929687500000000000e-01,3.954301789753883294e-03
2.939453125000000000e-01,4.032538327265486854e-03
2.949218750000000000e-01,4.106834334463371240e-03
2.958984375000000000e-01,4.177127082328136592e-03
2.968750000000000000e-01,4.243357543443462658e-03
2.978515625000000000e-01,4.305470446053695326e-03
2.988281250000000000e-01,4.363414324634448151e-03
2.998046875000000000e-01,4.417141566928469744e-03
3.007812500000000000e-01,4.466608457402325601e-03
3.017578125000000000e-01,4.511775217082804844e-03
3.027343750000000000e-01,4.552606039735358073e-03
3.037109375000000000e-01,4.589069124350284717e-03
3.046875000000000000e-01,4.621136703905876809e-03
3.056640625000000000e-01,4.648785070381183417e-03
3.066406250000000000e-01,4.671994595994602255e-03
3.076171875000000000e-01,4.690749750648030847e-03
3.085937500000000000e-01,4.705039115559870970e-03
3.095703125000000000e-01,4.714855393073751066e-03
3.105468750000000000e-01,4.720195412633423036e-03
3.115234375000000000e-01,4.721060132917878974e-03
3.125000000000000000e-01,4.717454640134341633e-03
3.134765625000000000e-01,4.709388142470382829e-03
3.144531250000000000e-01,4.696873960710024401e-03
3.154296875000000000e-01,4.679929515022283708e-03
3.164062500000000000e-01,4.658576307934202652e-03
3.173828125000000000e-01,4.632839903503998755e-03
3.183593750000000000e-01,4.602749902713519983e-03
3.193359375000000000e-01,4.568339915102755111e-03
3.203125000000000000e-01,4.529647526672655501e-03
3.212890625000000000e-01,4.486714264086047455e-03
3.222656250000000000e-01,4.439585555199871553e-03
3.232421875000000000e-01,4.388310685965445337e-03
3.242187500000000000e-01,4.332942753736832714e-03
3.251953125000000000e-01,4.273538617030800055e-03
3.261718750000000000e-01,4.210158841785151436e-03
3.271484375000000000e-01,4.142867644165529675e-03
3.281250000000000000e-01,4.071732829974011175e-03
3.291015625000000000e-01,3.996825730716014463e-03
3.300781250000000000e-01,3.918221136385167426e-03
3.310546875000000000e-01,3.835997225028881658e-03
3.320312500000000000e-01,3.750235489160380804e-03
3.330078125000000000e-01,3.661020659085916125e-03
3.339843750000000000e-01,3.568440623218774744e-03
3.349609375000000000e-01,3.472586345454535366e-03
3.359375000000000000e-01,3.373551779684776618e-03
3.369140625000000000e-01,3.271433781529131148e-03
3.378906250000000000e-01,3.166332017368194991e-03
3.388671875000000000e-01,3.058348870762333561e-03
3.398437500000000000e-01,2.947589346343885020e-03
3.408203125000000000e-01,2.834160971272629663e-03
3.417968750000000000e-01,2.718173694346689897e-03
3.427734375000000000e-01,2.599739782863222382e-03
3.437500000000000000e-01,2.478973717325381153e-03
3.447265625000000000e-01,2.355992084094054098e-03
3.457031250000000000e-01,2.230913466084807201e-03
3.466796875000000000e-01,2.103858331612303706e-03
3.476562500000000000e-01,1.974948921486210929e-03
3.486328125000000000e-01,1.844309134464253239e-03
3.496093750000000000e-01,1.712064411169603693e-03
3.505859375000000000e-01,1.578341616581262425e-03
3.515625000000000000e-01,1.443268921207404784e-03
3.525390625000000000e-01,1.306975681052921674e-03
3.535156250000000000e-01,1.169592316493509900e-03
3.544921875000000000e-01,1.031250190169697963e-03
3.554687500000000000e-01,8.920814840151161532e-04
3.564453125000000000e-01,7.522190755341324857e-04
3.574218750000000000e-01,6.117964134446846926e-04
3.583984375000000000e-01,4.709473928027354227e-04
3.593750000000000000e-01,3.298062297252675424e-04
3.603515625000000000e-01,1.885073358291141678e-04
3.613281250000000000e-01,4.718519250318726262e-05
3.623046875000000000e-01,-9.402577486817238826e-05
3.632812500000000000e-01,-2.349913226129541060e-04
3.642578125000000000e-01,-3.755775142926373253e-04
3.652343750000000000e-01,-5.156508459192190967e-04
3.662109375000000000e-01,-6.550783707508580928e-04
3.671875000000000000e-01,-7.937278235492785080e-04
3.681640625000000000e-01,-9.314677441825811770e-04
3.691406250000000000e-01,-1.068167600457720946e-03
3.701171875000000000e-01,-1.203697910067631598e-03
3.710937500000000000e-01,-1.337930361538809069e-03
3.720703125000000000e-01,-1.470737934066100247e-03
3.730468750000000000e-01,-1.601995016122487831e-03
3.740234375000000000e-01,-1.731577522732810582e-03
3.750000000000000000e-01,-1.859363011301610634e-03
3.759765625000000000e-01,-1.985230795886655780e-03
3.769531250000000000e-01,-2.109062059811142673e-03
3.779296875000000000e-01,-2.230739966509143798e-03
3.789062500000000000e-01,-2.350149768500523362e-03
3.798828125000000000e-01,-2.467178914393292413e-03
3.808593750000000000e-01,-2.581717153813236753e-03
3.818359375000000000e-01,-2.693656640162584402e-03
3.828125000000000000e-01,-2.802892031111525219e-03
3.837890625000000000e-01,-2.909320586728514693e-03
3.847656250000000000e-01,-3.012842265157520891e-03
3.857421875000000000e-01,-3.113359815752660738e-03
3.867187500000000000e-01,-3.210778869583072286e-03
3.876953125000000000e-01,-3.305008027223328097e-03
3.886718750000000000e-01,-3.395958943747248455e-03
3.896484375000000000e-01,-3.483546410845591180e-03
3.906250000000000000e-01,-3.567688435990804072e-03
3.916015625000000000e-01,-3.648306318574787242e-03
3.925781250000000000e-01,-3.725324722948460121e-03
3.935546875000000000e-01,-3.798671748294837544e-03
3.945312500000000000e-01,-3.868278995270283023e-03
3.955078125000000000e-01,-3.934081629351652253e-03
3.964843750000000000e-01,-3.996018440830121157e-03
3.974609375000000000e-01,-4.054031901395653038e-03
3.984375000000000000e-01,-4.108068217259241289e-03
3.994140625000000000e-01,-4.158077378763338876e-03
4.003906250000000000e-01,-4.204013206434160065e-03
4.013671875000000000e-01,-4.245833393432892240e-03
4.023437500000000000e-01,-4.283499544366231419e-03
4.033203125000000000e-01,-4.316977210420079418e-03
4.042968750000000000e-01,-4.346235920783681449e-03
4.052734375000000000e-01,-4.371249210334974926e-03
4.062500000000000000e-01,-4.391994643561426999e-03
4.072265625000000000e-01,-4.408453834694171965e-03
4.082031250000000000e-01,-4.420612464036808957e-03
4.091796875000000000e-01,-4.428460290473812920e-03
4.101562500000000000e-01,-4.431991160147066323e-03
4.111328125000000000e-01,-4.431203011292648118e-03
4.121093750000000000e-01,-4.426097875233599502e-03
4.130859375000000000e-01,-4.416681873528009034e-03
4.140625000000000000e-01,-4.402965211275354854e-03
4.150390625000000000e-01,-4.384962166587662129e-03
4.160156250000000000e-01,-4.362691076235624722e-03
4.169921875000000000e-01,-4.336174317483440510e-03
4.179687500000000000e-01,-4.305438286129670278e-03
4.189453125000000000e-01,-4.270513370775018414e-03
4.199218750000000000e-01,-4.231433923341444692e-03
4.208984375000000000e-01,-4.188238225870564817e-03
4.218750000000000000e-01,-4.140968453632766846e-03
4.228515625000000000e-01,-4.089670634581950466e-03
4.238281250000000000e-01,-4.034394605194218698e-03
4.248046875000000000e-01,-3.975193962732241279e-03
4.257812500000000000e-01,-3.912126013980377764e-03
4.267578125000000000e-01,-3.845251720498950917e-03
4.277343750000000000e-01,-3.774635640449330431e-03
4.287109375000000000e-01,-3.700345867044706714e-03
4.296875000000000000e-01,-3.622453963684601607e-03
4.306640625000000000e-01,-3.541034895834274578e-03
4.316406250000000000e-01,-3.456166959713243003e-03
4.326171875000000000e-01,-3.367931707860119701e-03
4.335937500000000000e-01,-3.276413871643915621e-03
4.345703125000000000e-01,-3.181701280794807865e-03
4.355468750000000000e-01,-3.083884780030183952e-03
4.365234375000000000e-01,-2.983058142854488025e-03
4.375000000000000000e-01,-2.879317982614052786e-03
4.384765625000000000e-01,-2.772763660890673488e-03
4.394531250000000000e-01,-2.663497193320182692e-03
4.404296875000000000e-01,-2.551623152924694000e-03
4.414062500000000000e-01,-2.437248571049519235e-03
4.423828125000000000e-01,-2.320482835998010848e-03
4.433593750000000000e-01,-2.201437589459739799e-03
4.443359375000000000e-01,-2.080226620829489503e-03
4.453125000000000000e-01,-1.956965759516524506e-03
4.462890625000000000e-01,-1.831772765345479007e-03
4.472656250000000000e-01,-1.704767217151994564e-03
4.482421875000000000e-01,-1.576070399677938260e-03
4.492187500000000000e-01,-1.445805188872616208e-03
4.501953125000000000e-01,-1.314095935707899551e-03
4.511718750000000000e-01,-1.181068348616568951e-03
4.521484375000000000e-01,-1.046849374664473795e-03
4.531250000000000000e-01,-9.115670795682895202e-04
4.541015625000000000e-01,-7.753505266717361250e-04
4.550781250000000000e-01,-6.383296549940974595e-04
4.560546875000000000e-01,-5.006351564657472936e-04
4.570312500000000000e-01,-3.623983524661488734e-04
4.580078125000000000e-01,-2.237510697804468080e-04
4.589843750000000000e-01,-8.482551609131168315e-05
4.599609375000000000e-01,5.424584487686857351e-05
4.609375000000000000e-01,1.933304184440339467e-04
4.619140625000000000e-01,3.322956041731052381e-04
4.628906250000000000e-01,4.710089210635136272e-04
4.638671875000000000e-01,6.093381326218842448e-04
4.648437500000000000e-01,7.471513716922710806e-04
4.658203125000000000e-01,8.843172649285699913e-04
4.667968750000000000e-01,1.020705056792076690e-03
4.677734375000000000e-01,1.156184732957606055e-03
4.687500000000000000e-01,1.290627143012151304e-03
4.697265625000000000e-01,1.423904122330726203e-03
4.707031250000000000e-01,1.555888613014814754e-03
4.716796875000000000e-01,1.686454783779733815e-03
4.726562500000000000e-01,1.815478148678209428e-03
4.736328125000000000e-01,1.942835684548561894e-03
4.746093750000000000e-01,2.068405947077098760e-03
4.755859375000000000e-01,2.192069185365620471e-03
4.765625000000000000e-01,2.313707454896352274e-03
4.775390625000000000e-01,2.433204728788126645e-03
4.785156250000000000e-01,2.550447007239246919e-03
4.794921875000000000e-01,2.665322425054175368e-03
4.804687500000000000e-01,2.777721357152988964e-03
4.814453125000000000e-01,2.887536521964449536e-03
4.824218750000000000e-01,2.994663082605523823e-03
4.833984375000000000e-01,3.098998745752275415e-03
4.843750000000000000e-01,3.200443858109223733e-03
4.853515625000000000e-01,3.298901500386523800e-03
4.863281250000000000e-01,3.394277578696669375e-03
4.873046875000000000e-01,3.486480913284845887e-03
4.882812500000000000e-01,3.575423324509575777e-03
4.892578125000000000e-01,3.661019715992878433e-03
4.902343750000000000e-01,3.743188154861839222e-03
4.912109375000000000e-01,3.821849949006209980e-03
4.921875000000000000e-01,3.896929721279479217e-03
4.931640625000000000e-01,3.968355480573719507e-03
4.941406250000000000e-01,4.036058689701466431e-03
4.951171875000000000e-01,4.099974330020885772e-03
4.960937500000000000e-01,4.160040962743542271e-03
4.970703125000000000e-01,4.216200786867221363e-03
4.980468750000000000e-01,4.268399693679408163e-03
4.990234375000000000e-01,4.316587317780277121e-03
5.000000000000000000e-01,4.360717084577296621e-03
5.009765625000000000e-01,4.400746254206894768e-03
5.019531250000000000e-01,4.436635961841973660e-03
5.029296875000000000e-01,4.468351254347470783e-03
5.039062500000000000e-01,4.495861123249602666e-03
5.048828125000000000e-01,4.519138533987878022e-03
5.058593750000000000e-01,4.538160451422488216e-03
5.068359375000000000e-01,4.552907861573179255e-03
5.078125000000000000e-01,4.563365789569275195e-03
5.087890625000000000e-01,4.569523313794072138e-03
5.097656250000000000e-01,4.571373576210407616e-03
5.107421875000000000e-01,4.568913788857801965e-03
5.117187500000000000e-01,4.562145236515167783e-03
5.126953125000000000e-01,4.551073275526686633e-03
5.136718750000000000e-01,4.535707328792066423e-03
5.146484375000000000e-01,4.516060876925995053e-03
5.156250000000000000e-01,4.492151445595213288e-03
5.166015625000000000e-01,4.464000589045217203e-03
5.175781250000000000e-01,4.431633869832194914e-03
5.185546875000000000e-01,4.395080834779356745e-03
5.195312500000000000e-01,4.354374987180381976e-03
5.205078125000000000e-01,4.309553755276225931e-03
5.214843750000000000e-01,4.260658457035038787e-03
5.224609375000000000e-01,4.207734261268424730e-03
5.234375000000000000e-01,4.150830145120710038e-03
5.244140625000000000e-01,4.089998847971304356e-03
5.253906250000000000e-01,4.025296821793615185e-03
5.263671875000000000e-01,3.956784178017294998e-03
5.273437500000000000e-01,3.884524630943904204e-03
5.283203125000000000e-01,3.808585437769299292e-03
5.292968750000000000e-01,3.729037335269258686e-03
5.302734375000000000e-01,3.645954473207986546e-03
5.312500000000000000e-01,3.559414344532222090e-03
5.322265625000000000e-01,3.469497712416700925e-03
5.332031250000000000e-01,3.376288534229677715e-03
5.341796875000000000e-01,3.279873882490112226e-03
5.351562500000000000e-01,3.180343862890953107e-03
5.361328125000000000e-01,3.077791529465709851e-03
5.371093750000000000e-01,2.972312796978187829e-03
5.380859375000000000e-01,2.864006350617875982e-03
5.390625000000000000e-01,2.752973553086005085e-03
5.400390625000000000e-01,2.639318349159752632e-03
5.410156250000000000e-01,2.523147167824433927e-03
5.419921875000000000e-01,2.404568822065816618e-03
5.429687500000000000e-01,2.283694406416882528e-03
5.439453125000000000e-01,2.160637192355480043e-03
5.449218750000000000e-01,2.035512521651329509e-03
5.458984375000000000e-01,1.908437697762769246e-03
5.468750000000000000e-01,1.779531875385463764e-03
5.478515625000000000e-01,1.648915948257033371e-03
5.488281250000000000e-01,1.516712435323205139e-03
5.498046875000000000e-01,1.383045365372621112e-03
5.507812500000000000e-01,1.248040160248882913e-03
5.517578125000000000e-01,1.111823516749745923e-03
5.527343750000000000e-01,9.745232873246136799e-04
5.537109375000000000e-01,8.362683596826064360e-04
5.546875000000000000e-01,6.971885354245078515e-04
5.556640625000000000e-01,5.574144078128068528e-04
5.566406250000000000e-01,4.170772387948618325e-04
5.576171875000000000e-01,2.763088353949172621e-04
5.585937500000000000e-01,1.352414255912937893e-04
5.595703125000000000e-01,-5.992466204443125735e-06
5.605468750000000000e-01,-1.472601439491572236e-04
5.615234375000000000e-01,-2.884288649332170324e-04
5.625000000000000000e-01,-4.293659647913785357e-04
5.634765625000000000e-01,-5.699389824418387958e-04
5.644531250000000000e-01,-7.100157848358919525e-04
5.654296875000000000e-01,-8.494646914007991049e-04
5.664062500000000000e-01,-9.881545980587721958e-04
5.673828125000000000e-01,-1.125955100705372525e-03
5.683593750000000000e-01,-1.262736618031132111e-03
5.693359375000000000e-01,-1.398370513570826616e-03
5.703125000000000000e-01,-1.532729216865553979e-03
5.712890625000000000e-01,-1.665686343623609808e-03
5.722656250000000000e-01,-1.797116814767091330e-03
5.732421875000000000e-01,-1.926896974252211231e-03
5.742187500000000000e-01,-2.054904705552457363e-03
5.751953125000000000e-01,-2.181019546694992414e-03
5.761718750000000000e-01,-2.305122803742045735e-03
5.771484375000000000e-01,-2.427097662610519426e-03
5.781250000000000000e-01,-2.546829299124588400e-03
5.791015625000000000e-01,-2.664204987197738364e-03
5.800781250000000000e-01,-2.779114205042447494e-03
5.810546875000000000e-01,-2.891448739307569179e-03
5.820312500000000000e-01,-3.001102787045428679e-03
5.830078125000000000e-01,-3.107973055412680940e-03
5.839843750000000000e-01,-3.211958859011115712e-03
5.849609375000000000e-01,-3.312962214776811378e-03
5.859375000000000000e-01,-3.410887934328347797e-03
5.869140625000000000e-01,-3.505643713687177192e-03
5.878906250000000000e-01,-3.597140220285725831e-03
5.888671875000000000e-01,-3.685291177181347980e-03
5.898437500000000000e-01,-3.770013444396885186e-03
5.908203125000000000e-01,-3.851227097311283633e-03
5.917968750000000000e-01,-3.928855502026499559e-03
5.927734375000000000e-01,-4.002825387639763824e-03
5.937500000000000000e-01,-4.073066915353196205e-03
5.947265625000000000e-01,-4.139513744355716000e-03
5.957031250000000000e-01,-4.202103094415258165e-03
5.966796875000000000e-01,-4.260775805122371182e-03
5.976562500000000000e-01,-4.315476391729447005e-03
5.986328125000000000e-01,-4.366153097533013137e-03
5.996093750000000000e-01,-4.412757942749789483e-03
6.005859375000000000e-01,-4.455246769840487744e-03
6.015625000000000000e-01,-4.493579285238701732e-03
6.025390625000000000e-01,-4.527719097445581480e-03
6.035156250000000000e-01,-4.557633751454440510e-03
6.044921875000000000e-01,-4.583294759472862981e-03
6.054687500000000000e-01,-4.604677627913390282e-03
6.064453125000000000e-01,-4.621761880627349092e-03
6.074218750000000000e-01,-4.634531078359936489e-03
6.083984375000000000e-01,-4.642972834408223490e-03
6.093750000000000000e-01,-4.647078826467305850e-03
6.103515625000000000e-01,-4.646844804653431360e-03
6.113281250000000000e-01,-4.642270595696501231e-03
6.123046875000000000e-01,-4.633360103297981709e-03
6.132812500000000000e-01,-4.620121304653833881e-03
6.142578125000000000e-01,-4.602566243145703000e-03
6.152343750000000000e-01,-4.580711017207195201e-03
6.162109375000000000e-01,-4.554575765375678577e-03
6.171875000000000000e-01,-4.524184647543620826e-03
6.181640625000000000e-01,-4.489565822427070071e-03
6.191406250000000000e-01,-4.450751421272414708e-03
6.201171875000000000e-01,-4.407777517826125604e-03
6.210937500000000000e-01,-4.360684094595678600e-03
6.220703125000000000e-01,-4.309515005433349824e-03
6.230468750000000000e-01,-4.254317934478038868e-03
6.240234375000000000e-01,-4.195144351493694870e-03
6.250000000000000000e-01,-4.132049463646308464e-03
6.259765625000000000e-01,-4.065092163764787506e-03
6.269531250000000000e-01,-3.994334975134341756e-03
6.279296875000000000e-01,-3.919843992874250810e-03
6.289062500000000000e-01,-3.841688821955126579e-03
6.298828125000000000e-01,-3.759942511913908891e-03
6.308593750000000000e-01,-3.674681488327972631e-03
6.318359375000000000e-01,-3.585985481112749333e-03
6.328125000000000000e-01,-3.493937449710261562e-03
6.337890625000000000e-01,-3.398623505238897950e-03
6.347656250000000000e-01,-3.300132829677604289e-03
6.357421875000000000e-01,-3.198557592160464202e-03
6.367187500000000000e-01,-3.093992862460356440e-03
6.376953125000000000e-01,-2.986536521743019586e-03
6.386718750000000000e-01,-2.876289170675427539e-03
6.396484375000000000e-01,-2.763354034974858063e-03
6.406250000000000000e-01,-2.647836868487452727e-03
6.416015625000000000e-01,-2.529845853887388498e-03
6.425781250000000000e-01,-2.409491501090012516e-03
6.435546875000000000e-01,-2.286886543474453935e-03
6.445312500000000000e-01,-2.162145832013274982e-03
6.455078125000000000e-01,-2.035386227408700951e-03
6.464843750000000000e-01,-1.906726490336839355e-03
6.474609375000000000e-01,-1.776287169903078894e-03
6.484375000000000000e-01,-1.644190490413544644e-03
6.494140625000000000e-01,-1.510560236569065103e-03
6.503906250000000000e-01,-1.375521637189594049e-03
6.513671875000000000e-01,-1.239201247578412953e-03
6.523437500000000000e-01,-1.101726830636716881e-03
6.533203125000000000e-01,-9.632272368403642544e-04
6.542968750000000000e-01,-8.238322831916429154e-04
6.552734375000000000e-01,-6.836726312598644453e-04
6.562500000000000000e-01,-5.428796644254624748e-04
6.572265625000000000e-01,-4.015853644430154639e-04
6.582031250000000000e-01,-2.599221874392576874e-04
6.591796875000000000e-01,-1.180229394626738221e-04
6.601562500000000000e-01,2.397934829830510950e-05
6.611328125000000000e-01,1.659515445111748753e-04
6.621093750000000000e-01,3.077605427917682593e-04
6.630859375000000000e-01,4.492733867755791541e-04
6.640625000000000000e-01,5.903573950503961630e-04
6.650390625000000000e-01,7.308802858327717806e-04
6.660156250000000000e-01,8.707103012710929422e-04
6.669921875000000000e-01,1.009716331258369171e-03
6.679687500000000000e-01,1.147768036638314743e-03
6.689453125000000000e-01,1.284735971688872117e-03
6.699218750000000000e-01,1.420491705768001404e-03
6.708984375000000000e-01,1.554907944007348974e-03
6.718750000000000000e-01,1.687858646940301223e-03
6.728515625000000000e-01,1.819219148951932777e-03
6.738281250000000000e-01,1.948866275439465126e-03
6.748046875000000000e-01,2.076678458573062106e-03
6.757812500000000000e-01,2.202535851548105723e-03
6.767578125000000000e-01,2.326320441221513529e-03
6.777343750000000000e-01,2.447916159026176843e-03
6.787109375000000000e-01,2.567208990059218713e-03
6.796875000000000000e-01,2.684087080241484395e-03
6.806640625000000000e-01,2.798440841447495577e-03
6.816406250000000000e-01,2.910163054506999941e-03
6.826171875000000000e-01,3.019148969981255617e-03
6.835937500000000000e-01,3.125296406619278242e-03
6.845703125000000000e-01,3.228505847401456734e-03
6.855468750000000000e-01,3.328680533080219817e-03
6.865234375000000000e-01,3.425726553129779424e-03
6.875000000000000000e-01,3.519552934019417809e-03
6.884765625000000000e-01,3.610071724727301461e-03
6.894531250000000000e-01,3.697198079414397431e-03
6.904296875000000000e-01,3.780850337180736986e-03
6.914062500000000000e-01,3.860950098829016731e-03
6.923828125000000000e-01,3.937422300563337557e-03
6.933593750000000000e-01,4.010195284553768821e-03
6.943359375000000000e-01,4.079200866300363749e-03
6.953125000000000000e-01,4.144374398733267038e-03
6.962890625000000000e-01,4.205654832988623901e-03
6.972656250000000000e-01,4.262984775803120574e-03
6.982421875000000000e-01,4.316310543473170398e-03
6.992187500000000000e-01,4.365582212327986586e-03
7.001953125000000000e-01,4.410753665669060568e-03
7.011718750000000000e-01,4.451782637131888529e-03
7.021484375000000000e-01,4.488630750429148039e-03
7.031250000000000000e-01,4.521263555437937155e-03
7.041015625000000000e-01,4.549650560597115305e-03
7.050781250000000000e-01,4.573765261584262533e-03
7.060546875000000000e-01,4.593585166245270010e-03
7.070312500000000000e-01,4.609091815753086664e-03
7.080078125000000000e-01,4.620270801975719446e-03
7.089843750000000000e-01,4.627111781037112313e-03
7.099609375000000000e-01,4.629608483058140697e-03
7.109375000000000000e-01,4.627758718068531764e-03
7.119140625000000000e-01,4.621564378084119448e-03
7.128906250000000000e-01,4.611031435347469690e-03
7.138671875000000000e-01,4.596169936733485693e-03
7.148437500000000000e-01,4.576993994325239019e-03
7.158203125000000000e-01,4.553521772168852774e-03
7.167968750000000000e-01,4.525775469219871401e-03
7.177734375000000000e-01,4.493781298497116425e-03
7.187500000000000000e-01,4.457569462463604505e-03
7.197265625000000000e-01,4.417174124657649928e-03
7.207031250000000000e-01,4.372633377600796019e-03
7.216796875000000000e-01,4.323989207012719771e-03
7.226562500000000000e-01,4.271287452366733829e-03
7.236328125000000000e-01,4.214577763822943864e-03
7.246093750000000000e-01,4.153913555579521154e-03
7.255859375000000000e-01,4.089351955685935520e-03
7.265625000000000000e-01,4.020953752365294051e-03
7.275390625000000000e-01,3.948783336896241787e-03
7.285156250000000000e-01,3.872908643108091079e-03
7.294921875000000000e-01,3.793401083546046448e-03
7.304687500000000000e-01,3.710335482366516023e-03
7.314453125000000000e-01,3.623790005025575005e-03
7.324218750000000000e-01,3.533846084826666734e-03
7.333984375000000000e-01,3.440588346396572083e-03
7.343750000000000000e-01,3.344104526161575334e-03
7.353515625000000000e-01,3.244485389898566201e-03
7.363281250000000000e-01,3.141824647438576368e-03
7.373046875000000000e-01,3.036218864602919891e-03
7.382812500000000000e-01,2.927767372454711994e-03
7.392578125000000000e-01,2.816572173951064316e-03
7.402343750000000000e-01,2.702737848083701985e-03
7.412109375000000000e-01,2.586371451598100130e-03
7.421875000000000000e-01,2.467582418383527324e-03
7.431640625000000000e-01,2.346482456628563081e-03
7.441406250000000000e-01,2.223185443838761668e-03
7.451171875000000000e-01,2.097807319815146732e-03
7.460937500000000000e-01,1.970465977694133789e-03
7.470703125000000000e-01,1.841281153151304523e-03
7.480468750000000000e-01,1.710374311873182410e-03
7.490234375000000000e-01,1.577868535402786191e-03
7.500000000000000000e-01,1.443888405466269443e-03
7.509765625000000000e-01,1.308559886889381751e-03
7.519531250000000000e-01,1.172010209213811879e-03
7.529296875000000000e-01,1.034367747124698058e-03
7.539062500000000000e-01,8.957618998017071203e-04
7.548828125000000000e-01,7.563229693070971796e-04
7.558593750000000000e-01,6.161820381250836601e-04
7.568359375000000000e-01,4.754708459676270857e-04
7.578125000000000000e-01,3.343216659624513630e-04
7.587890625000000000e-01,1.928671803396814969e-04
7.597656250000000000e-01,5.124035573396195850e-05
7.607421875000000000e-01,-9.042568178072127750e-05
7.617187500000000000e-01,-2.319977718060407985e-04
7.626953125000000000e-01,-3.733428447665341544e-04
7.636718750000000000e-01,-5.143280469713705722e-04
7.646484375000000000e-01,-6.548208654731116568e-04
7.656250000000000000e-01,-7.946892526060911083e-04
7.666015625000000000e-01,-9.338017500873383239e-04
7.675781250000000000e-01,-1.072027612563382750e-03
7.685546875000000000e-01,-1.209236930486795722e-03
7.695312500000000000e-01,-1.345300752206957974e-03
7.705078125000000000e-01,-1.480091205160277007e-03
7.714843750000000000e-01,-1.613481616045926671e-03
7.724609375000000000e-01,-1.745346629874135972e-03
7.734375000000000000e-01,-1.875562327775110111e-03
7.744140625000000000e-01,-2.004006343457835973e-03
7.753906250000000000e-01,-2.130557978209290850e-03
7.763671875000000000e-01,-2.255098314325944698e-03
7.773437500000000000e-01,-2.377510326870922903e-03
7.783203125000000000e-01,-2.497678993651767775e-03
7.792968750000000000e-01,-2.615491403315410319e-03
7.802734375000000000e-01,-2.730836861458733715e-03
7.812500000000000000e-01,-2.843606994654977998e-03
7.822265625000000000e-01,-2.953695852298187860e-03
7.832031250000000000e-01,-3.061000006169966800e-03
7.841796875000000000e-01,-3.165418647634931065e-03
7.851562500000000000e-01,-3.266853682373496368e-03
7.861328125000000000e-01,-3.365209822562936683e-03
7.871093750000000000e-01,-3.460394676420059604e-03
7.880859375000000000e-01,-3.552318835021319506e-03
7.890625000000000000e-01,-3.640895956318751948e-03
7.900390625000000000e-01,-3.726042846272745179e-03
7.910156250000000000e-01,-3.807679537025379039e-03
7.919921875000000000e-01,-3.885729362040843144e-03
7.929687500000000000e-01,-3.960119028142293843e-03
7.939453125000000000e-01,-4.030778684377430213e-03
7.949218750000000000e-01,-4.097641987648054443e-03
7.958984375000000000e-01,-4.160646165041915513e-03
7.968750000000000000e-01,-4.219732072808238948e-03
7.978515625000000000e-01,-4.274844251921510428e-03
7.988281250000000000e-01,-4.325930980181267281e-03
7.998046875000000000e-01,-4.372944320798930959e-03
8.007812500000000000e-01,-4.415840167426006088e-03
8.017578125000000000e-01,-4.454578285581306703e-03
8.027343750000000000e-01,-4.489122350438283331e-03
8.037109375000000000e-01,-4.519439980936915124e-03
8.046875000000000000e-01,-4.545502770188109345e-03
8.056640625000000000e-01,-4.567286312142026898e-03
8.066406250000000000e-01,-4.584770224495261955e-03
8.076171875000000000e-01,-4.597938167815352091e-03
8.085937500000000000e-01,-4.606777860864634186e-03
8.095703125000000000e-01,-4.611281092109052217e-03
8.105468750000000000e-01,-4.611443727401094879e-03
8.115234375000000000e-01,-4.607265713829646579e-03
8.125000000000000000e-01,-4.598751079733141844e-03
8.134765625000000000e-01,-4.585907930876002327e-03
8.144531250000000000e-01,-4.568748442791971572e-03
8.154296875000000000e-01,-4.547288849301537109e-03
8.164062500000000000e-01,-4.521549427214248927e-03
8.173828125000000000e-01,-4.491554477230309990e-03
8.183593750000000000e-01,-4.457332301059413991e-03
8.193359375000000000e-01,-4.418915174778329652e-03
8.203125000000000000e-01,-4.376339318452294840e-03
8.212890625000000000e-01,-4.329644862048782732e-03
8.222656250000000000e-01,-4.278875807675689043e-03
8.232421875000000000e-01,-4.224079988179446632e-03
8.242187500000000000e-01,-4.165309022141995554e-03
8.251953125000000000e-01,-4.102618265318925400e-03
8.261718750000000000e-01,-4.036066758564445245e-03
8.271484375000000000e-01,-3.965717172292148977e-03
8.281250000000000000e-01,-3.891635747523788155e-03
8.291015625000000000e-01,-3.813892233581488503e-03
8.300781250000000000e-01,-3.732559822481986474e-03
8.310546875000000000e-01,-3.647715080094572626e-03
8.320312500000000000e-01,-3.559437874127465654e-03
8.330078125000000000e-01,-3.467811299010328547e-03
8.339843750000000000e-01,-3.372921597743549181e-03
8.349609375000000000e-01,-3.274858080787765649e-03
8.359375000000000000e-01,-3.173713042069893891e-03
8.369140625000000000e-01,-3.069581672184633521e-03
8.378906250000000000e-01,-2.962561968873054109e-03
8.388671875000000000e-01,-2.852754644862433731e-03
8.398437500000000000e-01,-2.740263033153998370e-03
8.408203125000000000e-01,-2.625192989847605941e-03
8.417968750000000000e-01,-2.507652794594745008e-03
8.427734375000000000e-01,-2.387753048773436082e-03
8.437500000000000000e-01,-2.265606571480772730e-03
8.447265625000000000e-01,-2.141328293440890145e-03
8.457031250000000000e-01,-2.015035148928106482e-03
8.466796875000000000e-01,-1.886845965806849051e-03
8.476562500000000000e-01,-1.756881353791750738e-03
8.486328125000000000e-01,-1.625263591032970016e-03
8.496093750000000000e-01,-1.492116509133367555e-03
8.505859375000000000e-01,-1.357565376705643923e-03
8.515625000000000000e-01,-1.221736781578915262e-03
8.525390625000000000e-01,-1.084758511765476037e-03
8.535156250000000000e-01,-9.467594352996595245e-04
8.544921875000000000e-01,-8.078693790617712429e-04
8.554687500000000000e-01,-6.682190067010220684e-04
8.564453125000000000e-01,-5.279396957722345875e-04
8.574218750000000000e-01,-3.871634142018378060e-04
8.583984375000000000e-01,-2.460225961992926636e-04
8.593750000000000000e-01,-1.046500177306148509e-04
8.603515625000000000e-01,3.682132832892909984e-05
8.613281250000000000e-01,1.782583572455731979e-04
8.623046875000000000e-01,3.195280175636817585e-04
8.632812500000000000e-01,4.604974162106070280e-04
8.642578125000000000e-01,6.010339434521543489e-04
8.652343750000000000e-01,7.410053975811753228e-04
8.662109375000000000e-01,8.802801092220596682e-04
8.671875000000000000e-01,1.018727065134258968e-03
8.681640625000000000e-01,1.156216031398445100e-03
8.691406250000000000e-01,1.292617675869488008e-03
8.701171875000000000e-01,1.427803689781126373e-03
8.710937500000000000e-01,1.561646908388001406e-03
8.720703125000000000e-01,1.694021430531631811e-03
8.730468750000000000e-01,1.824802737017915382e-03
8.740234375000000000e-01,1.953867807694866475e-03
8.750000000000000000e-01,2.081095237120513149e-03
8.759765625000000000e-01,2.206365348712210211e-03
8.769531250000000000e-01,2.329560307270048865e-03
8.779296875000000000e-01,2.450564229768569750e-03
8.789062500000000000e-01,2.569263294312622899e-03
8.798828125000000000e-01,2.685545847154934430e-03
8.808593750000000000e-01,2.799302507674768150e-03
8.818359375000000000e-01,2.910426271218987185e-03
8.828125000000000000e-01,3.018812609708825152e-03
8.837890625000000000e-01,3.124359569917788040e-03
8.847656250000000000e-01,3.226967869328282393e-03
8.857421875000000000e-01,3.326540989476857446e-03
8.867187500000000000e-01,3.422985266700298915e-03
8.876953125000000000e-01,3.516209980197261640e-03
8.886718750000000000e-01,3.606127437322650519e-03
8.896484375000000000e-01,3.692653056034560406e-03
8.906250000000000000e-01,3.775705444416263632e-03
8.916015625000000000e-01,3.855206477198484197e-03
8.925781250000000000e-01,3.931081369210019660e-03
8.935546875000000000e-01,4.003258745687651374e-03
8.945312500000000000e-01,4.071670709379253579e-03
8.955078125000000000e-01,4.136252904377002958e-03
8.964843750000000000e-01,4.196944576620693229e-03
8.974609375000000000e-01,4.253688631014260202e-03
8.984375000000000000e-01,4.306431685101834959e-03
8.994140625000000000e-01,4.355124119252855135e-03
9.003906250000000000e-01,4.399720123309059337e-03
9.013671875000000000e-01,4.440177739649515259e-03
9.023437500000000000e-01,4.476458902633191281e-03
9.033203125000000000e-01,4.508529474382001398e-03
9.042968750000000000e-01,4.536359276870679386e-03
9.052734375000000000e-01,4.559922120293318816e-03
9.062500000000000000e-01,4.579195827679916238e-03
9.072265625000000000e-01,4.594162255739777170e-03
9.082031250000000000e-01,4.604807311912196416e-03
9.091796875000000000e-01,4.611120967608380375e-03
9.101562500000000000e-01,4.613097267632179470e-03
9.111328125000000000e-01,4.610734335770764504e-03
9.121093750000000000e-01,4.604034376550011562e-03
9.130859375000000000e-01,4.593003673152935319e-03
9.140625000000000000e-01,4.577652581503150950e-03
9.150390625000000000e-01,4.557995520518915746e-03
9.160156250000000000e-01,4.534050958546934941e-03
9.169921875000000000e-01,4.505841395988681095e-03
9.179687500000000000e-01,4.473393344135576793e-03
9.189453125000000000e-01,4.436737300232937095e-03
9.199218750000000000e-01,4.395907718796130369e-03
9.208984375000000000e-01,4.350942979205929886e-03
9.218750000000000000e-01,4.301885349613522244e-03
9.228515625000000000e-01,4.248780947189128958e-03
9.238281250000000000e-01,4.191679694751605442e-03
9.248046875000000000e-01,4.130635273819813734e-03
9.257812500000000000e-01,4.065705074129908995e-03
9.267578125000000000e-01,3.996950139666009642e-03
9.277343750000000000e-01,3.924435111255002162e-03
9.287109375000000000e-01,3.848228165779456981e-03
9.296875000000000000e-01,3.768400952065814082e-03
9.306640625000000000e-01,3.685028523508120015e-03
9.316406250000000000e-01,3.598189267490674911e-03
9.326171875000000000e-01,3.507964831675943959e-03
9.335937500000000000e-01,3.414440047227051619e-03
9.345703125000000000e-01,3.317702849037045595e-03
9.355468750000000000e-01,3.217844193039938287e-03
9.365234375000000000e-01,3.114957970681275605e-03
9.375000000000000000e-01,3.009140920628654466e-03
9.384765625000000000e-01,2.900492537805202022e-03
9.394531250000000000e-01,2.789114979831553657e-03
9.404296875000000000e-01,2.675112970964294099e-03
9.414062500000000000e-01,2.558593703621186554e-03
9.423828125000000000e-01,2.439666737585781137e-03
9.433593750000000000e-01,2.318443896986176634e-03
9.443359375000000000e-01,2.195039165144800370e-03
9.453125000000000000e-01,2.069568577398075895e-03
9.462890625000000000e-01,1.942150111986752680e-03
9.472656250000000000e-01,1.812903579119490467e-03
9.482421875000000000e-01,1.681950508314004151e-03
9.492187500000000000e-01,1.549414034121696614e-03
9.501953125000000000e-01,1.415418780343229372e-03
9.511718750000000000e-01,1.280090742843891871e-03
9.521484375000000000e-01,1.143557171078956247e-03
9.531250000000000000e-01,1.005946448440410207e-03
9.541015625000000000e-01,8.673879715375712668e-04
9.550781250000000000e-01,7.280120285250882110e-04
9.560546875000000000e-01,5.879496765927312140e-04
9.570312500000000000e-01,4.473326187321586536e-04
9.580078125000000000e-01,3.062930798965299468e-04
9.589843750000000000e-01,1.649636826694041733e-04
9.599609375000000000e-01,2.347732255982489815e-05
9.609375000000000000e-01,-1.180329569591562970e-04
9.619140625000000000e-01,-2.594340895510242125e-04
9.628906250000000000e-01,-4.005931111377881862e-04
9.638671875000000000e-01,-5.413772849257701561e-04
9.648437500000000000e-01,-6.816542262176381170e-04
9.658203125000000000e-01,-8.212920268933334225e-04
9.667968750000000000e-01,-9.601593794428498960e-04
9.677734375000000000e-01,-1.098125700434245252e-03
9.687500000000000000e-01,-1.235061253300795458e-03
9.697265625000000000e-01,-1.370837270331844767e-03
9.707031250000000000e-01,-1.505326073752650444e-03
9.716796875000000000e-01,-1.638401195779379304e-03
9.726562500000000000e-01,-1.769937497536376320e-03
9.736328125000000000e-01,-1.899811286723896960e-03
9.746093750000000000e-01,-2.027900433925665380e-03
9.755859375000000000e-01,-2.154084487446906310e-03
9.765625000000000000e-01,-2.278244786574872525e-03
9.775390625000000000e-01,-2.400264573155380405e-03
9.785156250000000000e-01,-2.520029101380443556e-03
9.794921875000000000e-01,-2.637425745683779146e-03
9.804687500000000000e-01,-2.752344106642743132e-03
9.814453125000000000e-01,-2.864676114787116906e-03
9.824218750000000000e-01,-2.974316132217148106e-03
9.833984375000000000e-01,-3.081161051935294402e-03
9.843750000000000000e-01,-3.185110394798282719e-03
9.853515625000000000e-01,-3.286066403998319421e-03
9.863281250000000000e-01,-3.383934136984624932e-03
9.873046875000000000e-01,-3.478621554738859766e-03
9.882812500000000000e-01,-3.570039608320506926e-03
9.892578125000000000e-01,-3.658102322600833949e-03
9.902343750000000000e-01,-3.742726877106710651e-03
9.912109375000000000e-01,-3.823833683898267884e-03
9.921875000000000000e-01,-3.901346462407174163e-03
9.931640625000000000e-01,-3.975192311165167205e-03
9.941406250000000000e-01,-4.045301776355398650e-03
9.951171875000000000e-01,-4.111608917122137885e-03
9.960937500000000000e-01,-4.174051367577428368e-03
9.970703125000000000e-01,-4.232570395446397585e-03
9.980468750000000000e-01,-4.287110957296080306e-03
9.990234375000000000e-01,-4.337621750295826174e-03
1.000000000000000000e+00,-4.384055260460627441e-03
1.000976562500000000e+00,-4.426367807332006431e-03
1.001953125000000000e+00,-4.464519585054450325e-03
1.002929687500000000e+00,-4.498474699808776602e-03
1.003906250000000000e+00,-4.528201203567227238e-03
1.004882812500000000e+00,-4.553671124138563599e-03
1.005859375000000000e+00,-4.574860491474900745e-03
1.006835937500000000e+00,-4.591749360215555305e-03
1.007812500000000000e+00,-4.604321828446710299e-03
1.008789062500000000e+00,-4.612566052659253929e-03
1.009765625000000000e+00,-4.616474258890732388e-03
1.010742187500000000e+00,-4.616042750040938968e-03
1.011718750000000000e+00,-4.611271909354263017e-03
1.012695312500000000e+00,-4.602166200065520990e-03
1.013671875000000000e+00,-4.588734161209605256e-03
1.014648437500000000e+00,-4.570988399598890223e-03
1.015625000000000000e+00,-4.548945577975938362e-03
1.016601562500000000e+00,-4.522626399352646515e-03
1.017578125000000000e+00,-4.492055587550551621e-03
1.018554687500000000e+00,-4.457261863960599799e-03
1.019531250000000000e+00,-4.418277920544225884e-03
1.020507812500000000e+00,-4.375140389101127639e-03
1.021484375000000000e+00,-4.327889806832629915e-03
1.022460937500000000e+00,-4.276570578233019997e-03
1.023437500000000000e+00,-4.221230933344681351e-03
1.024414062500000000e+00,-4.161922882416274790e-03
1.025390625000000000e+00,-4.098702167006600464e-03
1.026367187500000000e+00,-4.031628207580112595e-03
1.027343750000000000e+00,-3.960764047643361777e-03
1.028320312500000000e+00,-3.886176294474882279e-03
1.029296875000000000e+00,-3.807935056504258009e-03
1.030273437500000000e+00,-3.726113877399240583e-03
1.031250000000000000e+00,-3.640789666922894258e-03
1.032226562500000000e+00,-3.552042628625777347e-03
1.033203125000000000e+00,-3.459956184441142623e-03
1.034179687500000000e+00,-3.364616896254058343e-03
1.035156250000000000e+00,-3.266114384518187773e-03
1.036132812500000000e+00,-3.164541243996747601e-03
1.037109375000000000e+00,-3.059992956706869636e-03
1.038085937500000000e+00,-2.952567802149212196e-03
1.039062500000000000e+00,-2.842366764907228085e-03
1.040039062500000000e+00,-2.729493439702967983e-03
1.041015625000000000e+00,-2.614053933998684246e-03
1.041992187500000000e+00,-2.496156768235812447e-03
1.042968750000000000e+00,-2.375912773805130204e-03
1.043945312500000000e+00,-2.253434988844019594e-03
1.044921875000000000e+00,-2.128838551958810773e-03
1.045898437500000000e+00,-2.002240593972129477e-03
1.046875000000000000e+00,-1.873760127797029175e-03
1.047851562500000000e+00,-1.743517936541452880e-03
1.048828125000000000e+00,-1.611636459948227783e-03
1.049804687500000000e+00,-1.478239679277367760e-03
1.050781250000000000e+00,-1.343453000738917052e-03
1.051757812500000000e+00,-1.207403137585935605e-03
1.052734375000000000e+00,-1.070217990978484211e-03
1.053710937500000000e+00,-9.320265297306240277e-04
1.054687500000000000e+00,-7.929586690534936710e-04
1.055664062500000000e+00,-6.531451484084743611e-04
1.056640625000000000e+00,-5.127174085852859295e-04
1.057617187500000000e+00,-3.718074681205892074e-04
1.058593750000000000e+00,-2.305477991732876326e-04
1.059570312500000000e+00,-8.907120297323327450e-05
1.060546875000000000e+00,5.248931503955706892e-05
1.061523437500000000e+00,1.940006702677788601e-04
1.062500000000000000e+00,3.353298240842324273e-04
1.063476562500000000e+00,4.763439089160838389e-04
1.064453125000000000e+00,6.169103531683868156e-04
1.065429687500000000e+00,7.568970058694102915e-04
1.066406250000000000e+00,8.961722609205765785e-04
1.067382812500000000e+00,1.034605180834188625e-03
1.068359375000000000e+00,1.172065619842604456e-03
1.069335937500000000e+00,1.308424346263109637e-03
1.070312500000000000e+00,1.443553164003436029e-03
1.071289062500000000e+00,1.577325033093687594e-03
1.072265625000000000e+00,1.709614189131342457e-03
1.073242187500000000e+00,1.840296261527029579e-03
1.074218750000000000e+00,1.969248390439900728e-03
1.075195312500000000e+00,2.096349342292654246e-03
1.076171875000000000e+00,2.221479623757596951e-03
1.077148437500000000e+00,2.344521594106578188e-03
1.078125000000000000e+00,2.465359575819153944e-03
1.079101562500000000e+00,2.583879963344992182e-03
1.080078125000000000e+00,2.699971329918252234e-03
1.081054687500000000e+00,2.813524532323513801e-03
1.082031250000000000e+00,2.924432813514747567e-03
1.083007812500000000e+00,3.032591902990846005e-03
1.083984375000000000e+00,3.137900114833337174e-03
1.084960937500000000e+00,3.240258443314103509e-03
1.085937500000000000e+00,3.339570655983213968e-03
1.086914062500000000e+00,3.435743384149345797e-03
1.087890625000000000e+00,3.528686210667721611e-03
1.088867187500000000e+00,3.618311754953024931e-03
1.089843750000000000e+00,3.704535755137359446e-03
1.090820312500000000e+00,3.787277147296005606e-03
1.091796875000000000e+00,3.866458141666486402e-03
1.092773437500000000e+00,3.942004295789275706e-03
1.093750000000000000e+00,4.013844584501380375e-03
1.094726562500000000e+00,4.081911466716991142e-03
1.095703125000000000e+00,4.146140948932402689e-03
1.096679687500000000e+00,4.206472645395508032e-03
1.097656250000000000e+00,4.262849834883276207e-03
1.098632812500000000e+00,4.315219514033847084e-03
1.099609375000000000e+00,4.363532447183083793e-03
1.100585937500000000e+00,4.407743212658733929e-03
1.101562500000000000e+00,4.447810245488666679e-03
1.102539062500000000e+00,4.483695876483034803e-03
1.103515625000000000e+00,4.515366367653606168e-03
1.104492187500000000e+00,4.542791943936974608e-03
1.105468750000000000e+00,4.565946821191808544e-03
1.106445312500000000e+00,4.584809230443823332e-03
1.107421875000000000e+00,4.599361438355674403e-03
1.108398437500000000e+00,4.609589763902526179e-03
1.109375000000000000e+00,4.615484591237620053e-03
1.110351562500000000e+00,4.617040378735734821e-03
1.111328125000000000e+00,4.614255664206047200e-03
1.112304687500000000e+00,4.607133066269480590e-03
1.113281250000000000e+00,4.595679281899251421e-03
1.114257812500000000e+00,4.579905080126922025e-03
1.115234375000000000e+00,4.559825291919874547e-03
1.116210937500000000e+00,4.535458796239726954e-03
1.117187500000000000e+00,4.506828502294796951e-03
1.118164062500000000e+00,4.473961328003292319e-03
1.119140625000000000e+00,4.436888174687484906e-03
1.120117187500000000e+00,4.395643898022654796e-03
1.121093750000000000e+00,4.350267275268119606e-03
1.122070312500000000e+00,4.300800968811154153e-03
1.123046875000000000e+00,4.247291486058083800e-03
1.124023437500000000e+00,4.189789135710247914e-03
1.125000000000000000e+00,4.128347980465958515e-03
1.125976562500000000e+00,4.063025786192909876e-03
1.126953125000000000e+00,3.993883967618832437e-03
1.127929687500000000e+00,3.920987530591451761e-03
1.128906250000000000e+00,3.844405010962041128e-03
1.129882812500000000e+00,3.764208410150024411e-03
1.130859375000000000e+00,3.680473127449215322e-03
1.131835937500000000e+00,3.593277889139337000e-03
1.132812500000000000e+00,3.502704674469470439e-03
1.133789062500000000e+00,3.408838638583024539e-03
1.134765625000000000e+00,3.311768032456689336e-03
1.135742187500000000e+00,3.211584119928651178e-03
1.136718750000000000e+00,3.108381091894075153e-03
1.137695312500000000e+00,3.002255977748531125e-03
1.138671875000000000e+00,2.893308554162623159e-03
1.139648437500000000e+00,2.781641251273594441e-03
1.140625000000000000e+00,2.667359056382102769e-03
1.141601562500000000e+00,2.550569415244714842e-03
1.142578125000000000e+00,2.431382131054924019e-03
1.143554687500000000e+00,2.309909261207667656e-03
1.144531250000000000e+00,2.186265011944407439e-03
1.145507812500000000e+00,2.060565630977830628e-03
1.146484375000000000e+00,1.932929298197122491e-03
1.147460937500000000e+00,1.803476014556571264e-03
1.148437500000000000e+00,1.672327489251974582e-03
1.149414062500000000e+00,1.539607025290922696e-03
1.150390625000000000e+00,1.405439403564546228e-03
1.151367187500000000e+00,1.269950765529725273e-03
1.152343750000000000e+00,1.133268494612063321e-03
1.153320312500000000e+00,9.955210964411301180e-04
1.154296875000000000e+00,8.568380780305777248e-04
1.155273437500000000e+00,7.173498260167260939e-04
1.156250000000000000e+00,5.771874840700978639e-04
1.157226562500000000e+00,4.364828295951618531e-04
1.158203125000000000e+00,2.953681498342119408e-04
1.159179687500000000e+00,1.539761174918703225e-04
1.160156250000000000e+00,1.243966599715317224e-05
1.161132812500000000e+00,-1.291081354796213751e-04
1.162109375000000000e+00,-2.705342071375731617e-04
1.163085937500000000e+00,-4.117055836660179179e-04
1.164062500000000000e+00,-5.524895392576031732e-04
1.165039062500000000e+00,-6.927537123962842699e-04
1.166015625000000000e+00,-8.323662303028141109e-04
1.166992187500000000e+00,-9.711958329207412768e-04
1.167968750000000000e+00,-1.109111996326344642e-03
1.168945312500000000e+00,-1.245985055446472518e-03
1.169921875000000000e+00,-1.381686325968907707e-03
1.170898437500000000e+00,-1.516088225330634864e-03
1.171875000000000000e+00,-1.649064392670258937e-03
1.172851562500000000e+00,-1.780489807631791422e-03
1.173828125000000000e+00,-1.910240907908106450e-03
1.174804687500000000e+00,-2.038195705413550080e-03
1.175781250000000000e+00,-2.164233900976476801e-03
1.176757812500000000e+00,-2.288236997443877409e-03
1.177734375000000000e+00,-2.410088411091758625e-03
1.178710937500000000e+00,-2.529673581236522098e-03
1.179687500000000000e+00,-2.646880077944288069e-03
1.180664062500000000e+00,-2.761597707736892279e-03
1.181640625000000000e+00,-2.873718617195172072e-03
1.182617187500000000e+00,-2.983137394362132214e-03
1.183593750000000000e+00,-3.089751167850648701e-03
1.184570312500000000e+00,-3.193459703562532941e-03
1.185546875000000000e+00,-3.294165498928014295e-03
1.186523437500000000e+00,-3.391773874577040399e-03
1.187500000000000000e+00,-3.486193063356202940e-03
1.188476562500000000e+00,-3.577334296607596279e-03
1.189453125000000000e+00,-3.665111887628485447e-03
1.190429687500000000e+00,-3.749443312233317633e-03
1.191406250000000000e+00,-3.830249286342329602e-03
1.192382812500000000e+00,-3.907453840523800702e-03
1.193359375000000000e+00,-3.980984391419868651e-03
1.194335937500000000e+00,-4.050771809988752171e-03
1.195312500000000000e+00,-4.116750486499214795e-03
1.196289062500000000e+00,-4.178858392216168970e-03
1.197265625000000000e+00,-4.237037137719412185e-03
1.198242187500000000e+00,-4.291232027800674816e-03
1.199218750000000000e+00,-4.341392112887356054e-03
1.200195312500000000e+00,-4.387470236944602912e-03
1.201171875000000000e+00,-4.429423081810693677e-03
1.202148437500000000e+00,-4.467211207924040410e-03
1.203125000000000000e+00,-4.500799091403519074e-03
1.204101562500000000e+00,-4.530155157447262812e-03
1.205078125000000000e+00,-4.555251810018517283e-03
1.206054687500000000e+00,-4.576065457790648092e-03
1.207031250000000000e+00,-4.592576536326905753e-03
1.208007812500000000e+00,-4.604769526474089894e-03
1.208984375000000000e+00,-4.612632968952827886e-03
1.209960937500000000e+00,-4.616159475130741062e-03
1.210937500000000000e+00,-4.615345733968374657e-03
1.211914062500000000e+00,-4.610192515131359380e-03
1.212890625000000000e+00,-4.600704668265874660e-03
1.213867187500000000e+00,-4.586891118438104001e-03
1.214843750000000000e+00,-4.568764857741957654e-03
1.215820312500000000e+00,-4.546342933082964284e-03
1.216796875000000000e+00,-4.519646430149808561e-03
1.217773437500000000e+00,-4.488700453588592015e-03
1.218750000000000000e+00,-4.453534103398450704e-03
1.219726562500000000e+00,-4.414180447570728930e-03
1.220703125000000000e+00,-4.370676490997426299e-03
1.221679687500000000e+00,-4.323063140678156877e-03
1.222656250000000000e+00,-4.271385167258333858e-03
1.223632812500000000e+00,-4.215691162934732256e-03
1.224609375000000000e+00,-4.156033495768017734e-03
1.225585937500000000e+00,-4.092468260445195072e-03
1.226562500000000000e+00,-4.025055225538261283e-03
1.227539062500000000e+00,-3.953857777308664341e-03
1.228515625000000000e+00,-3.878942860110391137e-03
1.229492187500000000e+00,-3.800380913447724916e-03
1.230468750000000000e+00,-3.718245805746850981e-03
1.231445312500000000e+00,-3.632614764903573795e-03
1.232421875000000000e+00,-3.543568305672450437e-03
1.233398437500000000e+00,-3.451190153965607438e-03
1.234375000000000000e+00,-3.355567168132416248e-03
1.235351562500000000e+00,-3.256789257294039758e-03
1.236328125000000000e+00,-3.154949296809633937e-03
1.237304687500000000e+00,-3.050143040953682671e-03
1.238281250000000000e+00,-2.942469032886568543e-03
1.239257812500000000e+00,-2.832028512003023635e-03
1.240234375000000000e+00,-2.718925318745575581e-03
1.241210937500000000e+00,-2.603265796972479770e-03
1.242187500000000000e+00,-2.485158693971936672e-03
1.243164062500000000e+00,-2.364715058216597648e-03
1.244140625000000000e+00,-2.242048134954493285e-03
1.245117187500000000e+00,-2.117273259734551386e-03
1.246093750000000000e+00,-1.990507749966811176e-03
1.247070312500000000e+00,-1.861870794619289050e-03
1.248046875000000000e+00,-1.731483342155206969e-03
1.249023437500000000e+00,-1.599467986815942145e-03
1.250000000000000000e+00,-1.465948853356618346e-03
1.250976562500000000e+00,-1.331051480342710031e-03
1.251953125000000000e+00,-1.194902702117384922e-03
1.252929687500000000e+00,-1.057630529550561546e-03
1.253906250000000000e+00,-9.193640296818004088e-04
1.254882812500000000e+00,-7.802332043701912028e-04
1.255859375000000000e+00,-6.403688680653302212e-04
1.256835937500000000e+00,-4.999025248143074487e-04
1.257812500000000000e+00,-3.589662446203443309e-04
1.258789062500000000e+00,-2.176925392693293483e-04
1.259765625000000000e+00,-7.621423774100091644e-05
1.260742187500000000e+00,6.533563867808285671e-05
1.261718750000000000e+00,2.068240014623678894e-04
1.262695312500000000e+00,3.481178199783315462e-04
1.263671875000000000e+00,4.890842465610642986e-04
1.264648437500000000e+00,6.295907414188079343e-04
1.265625000000000000e+00,7.695051972480133591e-04
1.266601562500000000e+00,9.086960634417548489e-04
1.267578125000000000e+00,1.047032469774717865e-03
1.268554687500000000e+00,1.184384349448471810e-03
1.269531250000000000e+00,1.320622561381338579e-03
1.270507812500000000e+00,1.455619011627879659e-03
1.271484375000000000e+00,1.589246773813842101e-03
1.272460937500000000e+00,1.721380208473328446e-03
1.273437500000000000e+00,1.851895081175990512e-03
1.274414062500000000e+00,1.980668679333181387e-03
1.275390625000000000e+00,2.107579927573243958e-03
1.276367187500000000e+00,2.232509501577460264e-03
1.277343750000000000e+00,2.355339940269629215e-03
1.278320312500000000e+00,2.475955756253795000e-03
1.279296875000000000e+00,2.594243544396290183e-03
1.280273437500000000e+00,2.710092088450000245e-03
1.281250000000000000e+00,2.823392465620607264e-03
1.282226562500000000e+00,2.934038148976494259e-03
1.283203125000000000e+00,3.041925107606022194e-03
1.284179687500000000e+00,3.146951904428016682e-03
1.285156250000000000e+00,3.249019791563497166e-03
1.286132812500000000e+00,3.348032803178979840e-03
1.287109375000000000e+00,3.443897845714066069e-03
1.288085937500000000e+00,3.536524785408478363e-03
1.289062500000000000e+00,3.625826533046254668e-03
1.290039062500000000e+00,3.711719125837421255e-03
1.291015625000000000e+00,3.794121806360160193e-03
1.291992187500000000e+00,3.872957098489247796e-03
1.292968750000000000e+00,3.948150880239375410e-03
1.293945312500000000e+00,4.019632453454867818e-03
1.294921875000000000e+00,4.087334610280272257e-03
1.295898437500000000e+00,4.151193696349325495e-03
1.296875000000000000e+00,4.211149670632885998e-03
1.297851562500000000e+00,4.267146161889562826e-03
1.298828125000000000e+00,4.319130521665964784e-03
1.299804687500000000e+00,4.367053873796740773e-03
1.300781250000000000e+00,4.410871160357868713e-03
1.301757812500000000e+00,4.450541184029993200e-03
1.302734375000000000e+00,4.486026646831968792e-03
1.303710937500000000e+00,4.517294185188208341e-03
1.304687500000000000e+00,4.544314401296852338e-03
1.305664062500000000e+00,4.567061890769275045e-03
1.306640625000000000e+00,4.585515266514935198e-03
1.307617187500000000e+00,4.599657178849118726e-03
1.308593750000000000e+00,4.609474331804665898e-03
1.309570312500000000e+00,4.614957495632348791e-03
1.310546875000000000e+00,4.616101515478142001e-03
1.311523437500000000e+00,4.612905316229235116e-03
1.312500000000000000e+00,4.605371903524223785e-03
1.313476562500000000e+00,4.593508360926535673e-03
1.314453125000000000e+00,4.577325843263743699e-03
1.315429687500000000e+00,4.556839566139035853e-03
1.316406250000000000e+00,4.532068791624694823e-03
1.317382812500000000e+00,4.503036810151048001e-03
1.318359375000000000e+00,4.469770918607909004e-03
1.319335937500000000e+00,4.432302394679104446e-03
1.320312500000000000e+00,4.390666467434211663e-03
1.321289062500000000e+00,4.344902284205168393e-03
1.322265625000000000e+00,4.295052873778883173e-03
1.323242187500000000e+00,4.241165105940467202e-03
1.324218750000000000e+00,4.183289647405113651e-03
1.325195312500000000e+00,4.121480914180069600e-03
1.326171875000000000e+00,4.055797020401479859e-03
1.327148437500000000e+00,3.986299723694212635e-03
1.328125000000000000e+00,3.913054367106041757e-03
1.329101562500000000e+00,3.836129817670775894e-03
1.330078125000000000e+00,3.755598401658101926e-03
1.331054687500000000e+00,3.671535836571016963e-03
1.332031250000000000e+00,3.584021159954792202e-03
1.333007812500000000e+00,3.493136655084397735e-03
1.333984375000000000e+00,3.398967773600260374e-03
1.334960937500000000e+00,3.301603055165094024e-03
1.335937500000000000e+00,3.201134044217341171e-03
1.336914062500000000e+00,3.097655203899495318e-03
1.337890625000000000e+00,2.991263827242229226e-03
1.338867187500000000e+00,2.882059945687836383e-03
1.339843750000000000e+00,2.770146235038991114e-03
1.340820312500000000e+00,2.655627918921258778e-03
1.341796875000000000e+00,2.538612669850116334e-03
1.342773437500000000e+00,2.419210507995507402e-03
1.343750000000000000e+00,2.297533697739109586e-03
1.344726562500000000e+00,2.173696642121576532e-03
1.345703125000000000e+00,2.047815775278991751e-03
1.346679687500000000e+00,1.920009452969671619e-03
1.347656250000000000e+00,1.790397841294242816e-03
1.348632812500000000e+00,1.659102803713621019e-03
1.349609375000000000e+00,1.526247786471119023e-03
1.350585937500000000e+00,1.391957702526410399e-03
1.351562500000000000e+00,1.256358814110476469e-03
1.352539062500000000e+00,1.119578614011960179e-03
1.353515625000000000e+00,9.817457057065400935e-04
1.354492187500000000e+00,8.429896824420326151e-04
1.355468750000000000e+00,7.034410053929038590e-04
1.356445312500000000e+00,5.632308809987543767e-04
1.357421875000000000e+00,4.224911376021034219e-04
1.358398437500000000e+00,2.813541015014596794e-04
1.359375000000000000e+00,1.399524725362145212e-04
1.360351562500000000e+00,-1.580800679665332305e-06
1.361328125000000000e+00,-1.431126457578393266e-04
1.362304687500000000e+00,-2.845099916521620339e-04
1.363281250000000000e+00,-4.256398937739836515e-04
1.364257812500000000e+00,-5.663696589885468344e-04
1.365234375000000000e+00,-7.065669703749571972e-04
1.366210937500000000e+00,-8.461000116324270300e-04
1.367187500000000000e+00,-9.848375910158227789e-04
1.368164062500000000e+00,-1.122649264683992692e-03
1.369140625000000000e+00,-1.259405459344898823e-03
1.370117187500000000e+00,-1.394977594082243621e-03
1.371093750000000000e+00,-1.529238201249045678e-03
1.372070312500000000e+00,-1.662061046314501113e-03
1.373046875000000000e+00,-1.793321246551448592e-03
1.374023437500000000e+00,-1.922895388452846265e-03
1.375000000000000000e+00,-2.050661643766865400e-03
1.375976562500000000e+00,-2.176499884041502037e-03
1.376953125000000000e+00,-2.300291793571011302e-03
1.377929687500000000e+00,-2.421920980637969414e-03
1.378906250000000000e+00,-2.541273086946376457e-03
1.379882812500000000e+00,-2.658235895142904356e-03
1.380859375000000000e+00,-2.772699434325200368e-03
1.381835937500000000e+00,-2.884556083438045895e-03
1.382812500000000000e+00,-2.993700672460157183e-03
1.383789062500000000e+00,-3.100030581286486540e-03
1.384765625000000000e+00,-3.203445836213061546e-03
1.385742187500000000e+00,-3.303849203933637534e-03
1.386718750000000000e+00,-3.401146282959794341e-03
1.387695312500000000e+00,-3.495245592378517455e-03
1.388671875000000000e+00,-3.586058657863815981e-03
1.389648437500000000e+00,-3.673500094861507220e-03
1.390625000000000000e+00,-3.757487688868956129e-03
1.391601562500000000e+00,-3.837942472734292253e-03
1.392578125000000000e+00,-3.914788800902422282e-03
1.393554687500000000e+00,-3.987954420538035102e-03
1.394531250000000000e+00,-4.057370539458728803e-03
1.395507812500000000e+00,-4.122971890814384512e-03
1.396484375000000000e+00,-4.184696794451978064e-03
1.397460937500000000e+00,-4.242487214908132603e-03
1.398437500000000000e+00,-4.296288815974888889e-03
1.399414062500000000e+00,-4.346051011787383650e-03
1.400390625000000000e+00,-4.391727014385413651e-03
1.401367187500000000e+00,-4.433273877704156478e-03
1.402343750000000000e+00,-4.470652537952693982e-03
1.403320312500000000e+00,-4.503827850342372215e-03
1.404296875000000000e+00,-4.532768622130466454e-03
1.405273437500000000e+00,-4.557447641948083293e-03
1.406250000000000000e+00,-4.577841705384722015e-03
1.407226562500000000e+00,-4.593931636805445931e-03
1.408203125000000000e+00,-4.605702307380146222e-03
1.409179687500000000e+00,-4.613142649307951787e-03
1.410156250000000000e+00,-4.616245666223405160e-03
1.411132812500000000e+00,-4.615008439774626742e-03
1.412109375000000000e+00,-4.609432132367278709e-03
1.413085937500000000e+00,-4.599521986071748204e-03
1.414062500000000000e+00,-4.585287317694580235e-03
1.415039062500000000e+00,-4.566741510018793720e-03
1.416015625000000000e+00,-4.543901999221314561e-03
1.416992187500000000e+00,-4.516790258479357403e-03
1.417968750000000000e+00,-4.485431777781169992e-03
1.418945312500000000e+00,-4.449856039960121447e-03
1.419921875000000000e+00,-4.410096492974667666e-03
1.420898437500000000e+00,-4.366190518460259795e-03
1.421875000000000000e+00,-4.318179396582756333e-03
1.422851562500000000e+00,-4.266108267226392282e-03
1.423828125000000000e+00,-4.210026087552790931e-03
1.424804687500000000e+00,-4.149985585970925560e-03
1.425781250000000000e+00,-4.086043212561307238e-03
1.426757812500000000e+00,-4.018259086001010720e-03
1.427734375000000000e+00,-3.946696937039441237e-03
1.428710937500000000e+00,-3.871424048577985864e-03
1.429687500000000000e+00,-3.792511192409885913e-03
1.430664062500000000e+00,-3.710032562679813160e-03
1.431640625000000000e+00,-3.624065706125705749e-03
1.432617187500000000e+00,-3.534691449168456730e-03
1.433593750000000000e+00,-3.441993821918002804e-03
1.434570312500000000e+00,-3.346059979167264817e-03
1.435546875000000000e+00,-3.246980118448223457e-03
1.436523437500000000e+00,-3.144847395227171397e-03
1.437500000000000000e+00,-3.039757835318883210e-03
1.438476562500000000e+00,-2.931810244602042585e-03
1.439453125000000000e+00,-2.821106116120823334e-03
1.440429687500000000e+00,-2.707749534659960582e-03
1.441406250000000000e+00,-2.591847078883037243e-03
1.442382812500000000e+00,-2.473507721125992043e-03
1.443359375000000000e+00,-2.352842724940069300e-03
1.444335937500000000e+00,-2.229965540480536614e-03
1.445312500000000000e+00,-2.104991697839531453e-03
1.446289062500000000e+00,-1.978038698423324922e-03
1.447265625000000000e+00,-1.849225904476128239e-03
1.448242187500000000e+00,-1.718674426854318931e-03
1.449218750000000000e+00,-1.586507011156597152e-03
1.450195312500000000e+00,-1.452847922317136676e-03
1.451171875000000000e+00,-1.317822827770236647e-03
1.452148437500000000e+00,-1.181558679296324573e-03
1.453125000000000000e+00,-1.044183593660399662e-03
1.454101562500000000e+00,-9.058267321551421612e-04
1.455078125000000000e+00,-7.666181791619433626e-04
1.456054687500000000e+00,-6.266888198440349195e-04
1.457031250000000000e+00,-4.861702170867109279e-04
1.458007812500000000e+00,-3.451944878003467758e-04
1.458984375000000000e+00,-2.038941787025141679e-04
1.459960937500000000e+00,-6.240214169598470146e-05
1.460937500000000000e+00,7.914859104020754792e-05
1.461914062500000000e+00,2.206249321292033259e-04
1.462890625000000000e+00,3.618938641266552267e-04
1.463867187500000000e+00,5.028225645853155561e-04
1.464843750000000000e+00,6.432785309362879390e-04
1.465820312500000000e+00,7.831297050695273151e-04
1.466796875000000000e+00,9.222445974964570570e-04
1.467773437500000000e+00,1.060492410977963368e-03
1.468750000000000000e+00,1.197743163501531352e-03
1.469726562500000000e+00,1.333867810491897203e-03
1.470703125000000000e+00,1.468738366140312978e-03
1.471679687500000000e+00,1.602228023738349640e-03
1.472656250000000000e+00,1.734211274903097724e-03
1.473632812500000000e+00,1.864564027581669782e-03
1.474609375000000000e+00,1.993163722724054700e-03
1.475585937500000000e+00,2.119889449514627145e-03
1.476562500000000000e+00,2.244622059053970851e-03
1.477539062500000000e+00,2.367244276384127509e-03
1.478515625000000000e+00,2.487640810751949247e-03
1.479492187500000000e+00,2.605698464006879402e-03
1.480468750000000000e+00,2.721306237031245485e-03
1.481445312500000000e+00,2.834355434102998981e-03
1.482421875000000000e+00,2.944739765092778232e-03
1.483398437500000000e+00,3.052355445399205017e-03
1.484375000000000000e+00,3.157101293528460483e-03
1.485351562500000000e+00,3.258878826226387429e-03
1.486328125000000000e+00,3.357592351073680932e-03
1.487304687500000000e+00,3.453149056457103724e-03
1.488281250000000000e+00,3.545459098832139024e-03
1.489257812500000000e+00,3.634435687195029709e-03
1.490234375000000000e+00,3.719995164684787321e-03
1.491210937500000000e+00,3.802057087238444946e-03
1.492187500000000000e+00,3.880544299225602289e-03
1.493164062500000000e+00,3.955383005991149233e-03
1.494140625000000000e+00,4.026502843237966811e-03
1.495117187500000000e+00,4.093836943184361345e-03
1.496093750000000000e+00,4.157321997434043626e-03
1.497070312500000000e+00,4.216898316499529883e-03
1.498046875000000000e+00,4.272509885923005818e-03
1.499023437500000000e+00,4.324104418941886012e-03
1.500000000000000000e+00,4.371633405649554514e-03
1.500976562500000000e+00,4.415052158605062282e-03
1.501953125000000000e+00,4.454319854848901722e-03
1.502929687500000000e+00,4.489399574285350865e-03
1.503906250000000000e+00,4.520258334395300601e-03
1.504882812500000000e+00,4.546867121246930474e-03
1.505859375000000000e+00,4.569200916775074950e-03
1.506835937500000000e+00,4.587238722303629661e-03
1.507812500000000000e+00,4.600963578288881639e-03
1.508789062500000000e+00,4.610362580265205470e-03
1.509765625000000000e+00,4.615426890978128679e-03
1.510742187500000000e+00,4.616151748693356205e-03
1.511718750000000000e+00,4.612536471673951179e-03
1.512695312500000000e+00,4.604584458821449691e-03
1.513671875000000000e+00,4.592303186480318003e-03
1.514648437500000000e+00,4.575704201408751538e-03
1.515625000000000000e+00,4.554803109922422356e-03
1.516601562500000000e+00,4.529619563221387417e-03
1.517578125000000000e+00,4.500177238913950425e-03
1.518554687500000000e+00,4.466503818754848781e-03
1.519531250000000000e+00,4.428630962618696799e-03
1.520507812500000000e+00,4.386594278733156951e-03
1.521484375000000000e+00,4.340433290199822818e-03
1.522460937500000000e+00,4.290191397834293777e-03
1.523437500000000000e+00,4.235915839360380498e-03
1.524414062500000000e+00,4.177657644996804649e-03
1.525390625000000000e+00,4.115471589478151074e-03
1.526367187500000000e+00,4.049416140555185673e-03
1.527343750000000000e+00,3.979553404022955106e-03
1.528320312500000000e+00,3.905949065328358314e-03
1.529296875000000000e+00,3.828672327812085181e-03
1.530273437500000000e+00,3.747795847642995670e-03
1.531250000000000000e+00,3.663395665506106232e-03
1.532226562500000000e+00,3.575551135108418106e-03
1.533203125000000000e+00,3.484344848569803296e-03
1.534179687500000000e+00,3.389862558769098262e-03
1.535156250000000000e+00,3.292193098718415502e-03
1.536132812500000000e+00,3.191428298041476975e-03
1.537109375000000000e+00,3.087662896634501154e-03
1.538085937500000000e+00,2.980994455590817074e-03
1.539062500000000000e+00,2.871523265472955642e-03
1.540039062500000000e+00,2.759352252018463895e-03
1.541015625000000000e+00,2.644586879368095687e-03
1.541992187500000000e+00,2.527335050907366341e-03
1.542968750000000000e+00,2.407707007814701827e-03
1.543945312500000000e+00,2.285815225411567519e-03
1.544921875000000000e+00,2.161774307412028112e-03
1.545898437500000000e+00,2.035700878171169126e-03
1.546875000000000000e+00,1.907713473033687641e-03
1.547851562500000000e+00,1.777932426885747317e-03
1.548828125000000000e+00,1.646479761014884094e-03
1.549804687500000000e+00,1.513479068384335387e-03
1.550781250000000000e+00,1.379055397429663305e-03
1.551757812500000000e+00,1.243335134486922610e-03
1.552734375000000000e+00,1.106445884962919957e-03
1.553710937500000000e+00,9.685163533592870298e-04
1.554687500000000000e+00,8.296762222631710870e-04
1.555664062500000000e+00,6.900560304183172601e-04
1.556640625000000000e+00,5.497870499911809402e-04
1.557617187500000000e+00,4.090011631474670356e-04
1.558593750000000000e+00,2.678307380551389659e-04
1.559570312500000000e+00,1.264085044304815700e-04
1.560546875000000000e+00,-1.513257125576909171e-05
1.561523437500000000e+00,-1.566594107948970872e-04
1.562500000000000000e+00,-2.980389493617366121e-04
1.563476562500000000e+00,-4.391382606236204455e-04
1.564453125000000000e+00,-5.798246817191176228e-04
1.565429687500000000e+00,-7.199659379890541947e-04
1.566406250000000000e+00,-8.594302673425438304e-04
1.567382812500000000e+00,-9.980865441410972233e-04
1.568359375000000000e+00,-1.135804402484334079e-03
1.569335937500000000e+00,-1.272454358781381677e-03
1.570312500000000000e+00,-1.407907933492719013e-03
1.571289062500000000e+00,-1.542037771928001346e-03
1.572265625000000000e+00,-1.674717763986291377e-03
1.573242187500000000e+00,-1.805823162726114938e-03
1.574218750000000000e+00,-1.935230701653860687e-03
1.575195312500000000e+00,-2.062818710620248092e-03
1.576171875000000000e+00,-2.188467230215896623e-03
1.577148437500000000e+00,-2.312058124558439166e-03
1.578125000000000000e+00,-2.433475192365137756e-03
1.579101562500000000e+00,-2.552604276206567584e-03
1.580078125000000000e+00,-2.669333369838650452e-03
1.581054687500000000e+00,-2.783552723512120776e-03
1.582031250000000000e+00,-2.895154947160411777e-03
1.583007812500000000e+00,-3.004035111368943533e-03
1.583984375000000000e+00,-3.110090846030881019e-03
1.584960937500000000e+00,-3.213222436596601707e-03
1.585937500000000000e+00,-3.313332917826384335e-03
1.586914062500000000e+00,-3.410328164958163679e-03
1.587890625000000000e+00,-3.504116982204641666e-03
1.588867187500000000e+00,-3.594611188496542320e-03
1.589843750000000000e+00,-3.681725700391399233e-03
1.590820312500000000e+00,-3.765378612069921003e-03
1.591796875000000000e+00,-3.845491272344720921e-03
1.592773437500000000e+00,-3.921988358609007456e-03
1.593750000000000000e+00,-3.994797947655709565e-03
1.594726562500000000e+00,-4.063851583300446407e-03
1.595703125000000000e+00,-4.129084340744768218e-03
1.596679687500000000e+00,-4.190434887619150749e-03
1.597656250000000000e+00,-4.247845541648347795e-03
1.598632812500000000e+00,-4.301262324884888230e-03
1.599609375000000000e+00,-4.350635014459721013e-03
1.600585937500000000e+00,-4.395917189802299799e-03
1.601562500000000000e+00,-4.437066276285700842e-03
1.602539062500000000e+00,-4.474043585255747975e-03
1.603515625000000000e+00,-4.506814350406501170e-03
1.604492187500000000e+00,-4.535347760467912069e-03
1.605468750000000000e+00,-4.559616988174913267e-03
1.606445312500000000e+00,-4.579599215490701841e-03
1.607421875000000000e+00,-4.595275655060504331e-03
1.608398437500000000e+00,-4.606631567875649202e-03
1.609375000000000000e+00,-4.613656277131343748e-03
1.610351562500000000e+00,-4.616343178265121597e-03
1.611328125000000000e+00,-4.614689745166523048e-03
1.612304687500000000e+00,-4.608697532552171773e-03
1.613281250000000000e+00,-4.598372174504014413e-03
1.614257812500000000e+00,-4.583723379172096116e-03
1.615234375000000000e+00,-4.564764919646853263e-03
1.616210937500000000e+00,-4.541514621009505939e-03
1.617187500000000000e+00,-4.513994343572723562e-03
1.618164062500000000e+00,-4.482229962327325366e-03
1.619140625000000000e+00,-4.446251342614331893e-03
1.620117187500000000e+00,-4.406092312045251959e-03
1.621093750000000000e+00,-4.361790628696995444e-03
1.622070312500000000e+00,-4.313387945611322008e-03
1.623046875000000000e+00,-4.260929771632201817e-03
1.624023437500000000e+00,-4.204465428617908639e-03
1.625000000000000000e+00,-4.144048005068076169e-03
1.625976562500000000e+00,-4.079734306209316375e-03
1.626953125000000000e+00,-4.011584800586332801e-03
1.627929687500000000e+00,-3.939663563208739561e-03
1.628906250000000000e+00,-3.864038215307046258e-03
1.629882812500000000e+00,-3.784779860754445419e-03
1.630859375000000000e+00,-3.701963019214182284e-03
1.631835937500000000e+00,-3.615665556075361650e-03
1.632812500000000000e+00,-3.525968609243066137e-03
1.633789062500000000e+00,-3.432956512851622309e-03
1.634765625000000000e+00,-3.336716717972733337e-03
1.635742187500000000e+00,-3.237339710393036599e-03
1.636718750000000000e+00,-3.134918925538388110e-03
1.637695312500000000e+00,-3.029550660624864486e-03
1.638671875000000000e+00,-2.921333984119077812e-03
1.639648437500000000e+00,-2.810370642592932827e-03
1.640625000000000000e+00,-2.696764965060397846e-03
1.641601562500000000e+00,-2.580623764886238319e-03
1.642578125000000000e+00,-2.462056239358933942e-03
1.643554687500000000e+00,-2.341173867022208147e-03
1.644531250000000000e+00,-2.218090302861693876e-03
1.645507812500000000e+00,-2.092921271445287012e-03
1.646484375000000000e+00,-1.965784458117655290e-03
1.647460937500000000e+00,-1.836799398351203223e-03
1.648437500000000000e+00,-1.706087365357528314e-03
1.649414062500000000e+00,-1.573771256065034912e-03
1.650390625000000000e+00,-1.439975475569912899e-03
1.651367187500000000e+00,-1.304825820169119594e-03
1.652343750000000000e+00,-1.168449359085340679e-03
1.653320312500000000e+00,-1.030974314995132882e-03
1.654296875000000000e+00,-8.925299434725754346e-04
1.655273437500000000e+00,-7.532464114617818058e-04
1.656250000000000000e+00,-6.132546748925308926e-04
1.657226562500000000e+00,-4.726863555540853539e-04
1.658203125000000000e+00,-3.316736173429621175e-04
1.659179687500000000e+00,-1.903490420010075742e-04
1.660156250000000000e+00,-4.884550446061062417e-05
1.661132812500000000e+00,9.270395208574541712e-05
1.662109375000000000e+00,2.341662412741302938e-04
1.663085937500000000e+00,3.754083586984046728e-04
1.664062500000000000e+00,5.162975069623999911e-04
1.665039062500000000e+00,6.567012205374650122e-04
1.666015625000000000e+00,7.964874903079870476e-04
1.666992187500000000e+00,9.355248876877879372e-04
1.667968750000000000e+00,1.073682688190700238e-03
1.668945312500000000e+00,1.210830994339139868e-03
1.669921875000000000e+00,1.346840857795117245e-03
1.670898437500000000e+00,1.481584400598855286e-03
1.671875000000000000e+00,1.614934935401027413e-03
1.672851562500000000e+00,1.746767084575568969e-03
1.673828125000000000e+00,1.876956898101073698e-03
1.674804687500000000e+00,2.005381970099938838e-03
1.675781250000000000e+00,2.131921553925691069e-03
1.676757812500000000e+00,2.256456675690282805e-03
1.677734375000000000e+00,2.378870246124623229e-03
1.678710937500000000e+00,2.499047170667169099e-03
1.679687500000000000e+00,2.616874457677068923e-03
1.680664062500000000e+00,2.732241324670118751e-03
1.681640625000000000e+00,2.845039302477644222e-03
1.682617187500000000e+00,2.955162337230377630e-03
1.683593750000000000e+00,3.062506890071443628e-03
1.684570312500000000e+00,3.166972034504703017e-03
1.685546875000000000e+00,3.268459551286926733e-03
1.686523437500000000e+00,3.366874020774578407e-03
1.687500000000000000e+00,3.462122912638386073e-03
1.688476562500000000e+00,3.554116672861345593e-03
1.689453125000000000e+00,3.642768807938364002e-03
1.690429687500000000e+00,3.727995966198376088e-03
1.691406250000000000e+00,3.809718016172472781e-03
1.692382812500000000e+00,3.887858121934361158e-03
1.693359375000000000e+00,3.962342815342318608e-03
1.694335937500000000e+00,4.033102065114718519e-03
1.695312500000000000e+00,4.100069342674182889e-03
1.696289062500000000e+00,4.163181684698455225e-03
1.697265625000000000e+00,4.222379752319176636e-03
1.698242187500000000e+00,4.277607886912915616e-03
1.699218750000000000e+00,4.328814162431989139e-03
1.700195312500000000e+00,4.375950434225874854e-03
1.701171875000000000e+00,4.418972384307310979e-03
1.702148437500000000e+00,4.457839563020527668e-03
1.703125000000000000e+00,4.492515427072430248e-03
1.704101562500000000e+00,4.522967373890973870e-03
1.705078125000000000e+00,4.549166772278434231e-03
1.706054687500000000e+00,4.571088989330744125e-03
1.707031250000000000e+00,4.588713413597593146e-03
1.708007812500000000e+00,4.602023474461511103e-03
1.708984375000000000e+00,4.611006657717715319e-03
1.709960937500000000e+00,4.615654517340077312e-03
1.710937500000000000e+00,4.615962683422137822e-03
1.711914062500000000e+00,4.611930866285715233e-03
1.712890625000000000e+00,4.603562856753235476e-03
1.713867187500000000e+00,4.590866522583528404e-03
1.714843750000000000e+00,4.573853801074449082e-03
1.715820312500000000e+00,4.552540687839269802e-03
1.716796875000000000e+00,4.526947221767400366e-03
1.717773437500000000e+00,4.497097466183577232e-03
1.718750000000000000e+00,4.463019486223231309e-03
1.719726562500000000e+00,4.424745322445312531e-03
1.720703125000000000e+00,4.382310960707375136e-03
1.721679687500000000e+00,4.335756298331252569e-03
1.722656250000000000e+00,4.285125106591129024e-03
1.723632812500000000e+00,4.230464989559278022e-03
1.724609375000000000e+00,4.171827339348164500e-03
1.725585937500000000e+00,4.109267287790985268e-03
1.726562500000000000e+00,4.042843654606091512e-03
1.727539062500000000e+00,3.972618892094010451e-03
1.728515625000000000e+00,3.898659026419082699e-03
1.729492187500000000e+00,3.821033595530909030e-03
1.730468750000000000e+00,3.739815583783978690e-03
1.731445312500000000e+00,3.655081353316951345e-03
1.732421875000000000e+00,3.566910572256107911e-03
1.733398437500000000e+00,3.475386139810477011e-03
1.734375000000000000e+00,3.380594108329061220e-03
1.735351562500000000e+00,3.282623602393446461e-03
1.736328125000000000e+00,3.181566735021865676e-03
1.737304687500000000e+00,3.077518521063500948e-03
1.738281250000000000e+00,2.970576787864452444e-03
1.739257812500000000e+00,2.860842083289367316e-03
1.740234375000000000e+00,2.748417581185207993e-03
1.741210937500000000e+00,2.633408984376041026e-03
1.742187500000000000e+00,2.515924425280057376e-03
1.743164062500000000e+00,2.396074364242259391e-03
1.744140625000000000e+00,2.273971485678405111e-03
1.745117187500000000e+00,2.149730592127860069e-03
1.746093750000000000e+00,2.023468496314963574e-03
1.747070312500000000e+00,1.895303911320397709e-03
1.748046875000000000e+00,1.765357338965821941e-03
1.749023437500000000e+00,1.633750956516712410e-03
1.750000000000000000e+00,1.500608501809931562e-03
1.750976562500000000e+00,1.366055156914032032e-03
1.751953125000000000e+00,1.230217430431677960e-03
1.752929687500000000e+00,1.093223038554843934e-03
1.753906250000000000e+00,9.552007849846267957e-04
1.754882812500000000e+00,8.162804398285691387e-04
1.755859375000000000e+00,6.765926175893565570e-04
1.756835937500000000e+00,5.362686543596064401e-04
1.757812500000000000e+00,3.954404843382102125e-04
1.758789062500000000e+00,2.542405157843292333e-04
1.759765625000000000e+00,1.128015065256749935e-04
1.760742187500000000e+00,-2.874356086187895907e-05
1.761718750000000000e+00,-1.702616040859952307e-04
1.762695312500000000e+00,-3.116195662633250885e-04
1.763671875000000000e+00,-4.526845410210706810e-04
1.764648437500000000e+00,-5.933238974570354289e-04
1.765625000000000000e+00,-7.334054048406730454e-04
1.766601562500000000e+00,-8.727973569378913790e-04
1.767578125000000000e+00,-1.011368695842717333e-03
1.768554687500000000e+00,-1.148989135199397034e-03
1.769531250000000000e+00,-1.285529282699075619e-03
1.770507812500000000e+00,-1.420860761735883273e-03
1.771484375000000000e+00,-1.554856332108046219e-03
1.772460937500000000e+00,-1.687390009650538165e-03
1.773437500000000000e+00,-1.818337184686790115e-03
1.774414062500000000e+00,-1.947574739188092990e-03
1.775390625000000000e+00,-2.074981162530533784e-03
1.776367187500000000e+00,-2.200436665740634120e-03
1.777343750000000000e+00,-2.323823294122270410e-03
1.778320312500000000e+00,-2.445025038158989399e-03
1.779296875000000000e+00,-2.563927942587441392e-03
1.780273437500000000e+00,-2.680420213539383856e-03
1.781250000000000000e+00,-2.794392323651514153e-03
1.782226562500000000e+00,-2.905737115044312435e-03
1.783203125000000000e+00,-3.014349900073066794e-03
1.784179687500000000e+00,-3.120128559756357375e-03
1.785156250000000000e+00,-3.222973639789454125e-03
1.786132812500000000e+00,-3.322788444052355780e-03
1.787109375000000000e+00,-3.419479125524553000e-03
1.788085937500000000e+00,-3.512954774521035838e-03
1.789062500000000000e+00,-3.603127504166587190e-03
1.790039062500000000e+00,-3.689912533027994192e-03
1.791015625000000000e+00,-3.773228264826490597e-03
1.791992187500000000e+00,-3.852996365155481398e-03
1.792968750000000000e+00,-3.929141835131417723e-03
1.793945312500000000e+00,-4.001593081908575746e-03
1.794921875000000000e+00,-4.070281985991442385e-03
1.795898437500000000e+00,-4.135143965281419011e-03
1.796875000000000000e+00,-4.196118035797621361e-03
1.797851562500000000e+00,-4.253146869014692855e-03
1.798828125000000000e+00,-4.306176845763717842e-03
1.799804687500000000e+00,-4.355158106645553966e-03
1.800781250000000000e+00,-4.400044598909190995e-03
1.801757812500000000e+00,-4.440794119751053336e-03
1.802734375000000000e+00,-4.477368355994540070e-03
1.803710937500000000e+00,-4.509732920112497281e-03
1.804687500000000000e+00,-4.537857382558747009e-03
1.805664062500000000e+00,-4.561715300378281317e-03
1.806640625000000000e+00,-4.581284242069216806e-03
1.807617187500000000e+00,-4.596545808673139361e-03
1.808593750000000000e+00,-4.607485651074005178e-03
1.809570312500000000e+00,-4.614093483489335040e-03
1.810546875000000000e+00,-4.616363093141014930e-03
1.811523437500000000e+00,-4.614292346096617384e-03
1.812500000000000000e+00,-4.607883189275744501e-03
1.813476562500000000e+00,-4.597141648619507831e-03
1.814453125000000000e+00,-4.582077823424868593e-03
1.815429687500000000e+00,-4.562705876849161221e-03
1.816406250000000000e+00,-4.539044022593732332e-03
1.817382812500000000e+00,-4.511114507779215473e-03
1.818359375000000000e+00,-4.478943592028532955e-03
1.819335937500000000e+00,-4.442561522777306073e-03
1.820312500000000000e+00,-4.402002506834876497e-03
1.821289062500000000e+00,-4.357304678222681353e-03
1.822265625000000000e+00,-4.308510062320216466e-03
1.823242187500000000e+00,-4.255664536352307334e-03
1.824218750000000000e+00,-4.198817786254829994e-03
1.825195312500000000e+00,-4.138023259959436144e-03
1.826171875000000000e+00,-4.073338117141213528e-03
1.827148437500000000e+00,-4.004823175476520704e-03
1.828125000000000000e+00,-3.932542853461530423e-03
1.829101562500000000e+00,-3.856565109845240275e-03
1.830078125000000000e+00,-3.776961379733898960e-03
1.831054687500000000e+00,-3.693806507426924263e-03
1.832031250000000000e+00,-3.607178676047458413e-03
1.833007812500000000e+00,-3.517159334033724896e-03
1.833984375000000000e+00,-3.423833118560300724e-03
1.834960937500000000e+00,-3.327287775961300809e-03
1.835937500000000000e+00,-3.227614079230299582e-03
1.836914062500000000e+00,-3.124905742674550201e-03
1.837890625000000000e+00,-3.019259333803752266e-03
1.838867187500000000e+00,-2.910774182536202386e-03
1.839843750000000000e+00,-2.799552287807701573e-03
1.840820312500000000e+00,-2.685698221671020333e-03
1.841796875000000000e+00,-2.569319030976091080e-03
1.842773437500000000e+00,-2.450524136723369537e-03
1.843750000000000000e+00,-2.329425231184993443e-03
1.844726562500000000e+00,-2.206136172890466301e-03
1.845703125000000000e+00,-2.080772879575600986e-03
1.846679687500000000e+00,-1.953453219195376653e-03
1.847656250000000000e+00,-1.824296899103176450e-03
1.848632812500000000e+00,-1.693425353500602627e-03
1.849609375000000000e+00,-1.560961629263691100e-03
1.850585937500000000e+00,-1.427030270252870135e-03
1.851562500000000000e+00,-1.291757200215438561e-03
1.852539062500000000e+00,-1.155269604390658615e-03
1.853515625000000000e+00,-1.017695809928780828e-03
1.854492187500000000e+00,-8.791651652364305524e-04
1.855468750000000000e+00,-7.398079183617985947e-04
1.856445312500000000e+00,-5.997550945339787283e-04
1.857421875000000000e+00,-4.591383729715913225e-04
1.858398437500000000e+00,-3.180899630765181350e-04
1.859375000000000000e+00,-1.767424801291537974e-04
1.860351562500000000e+00,-3.522882060204526769e-05
1.861328125000000000e+00,1.063179627908485982e-04
1.862304687500000000e+00,2.477647861917972464e-04
1.863281250000000000e+00,3.889786597262203782e-04
1.864257812500000000e+00,5.298268125412461524e-04
1.865234375000000000e+00,6.701768176383422065e-04
1.866210937500000000e+00,8.098967163826513872e-04
1.867187500000000000e+00,9.488551425719671121e-04
1.868164062500000000e+00,1.086921445948695964e-03
1.869140625000000000e+00,1.223965815038682197e-03
1.870117187500000000e+00,1.359859399201398655e-03
1.871093750000000000e+00,1.494474429776750189e-03
1.872070312500000000e+00,1.627684340214589041e-03
1.873046875000000000e+00,1.759363885073990993e-03
1.874023437500000000e+00,1.889389257780411599e-03
1.875000000000000000e+00,2.017638207030003367e-03
1.875976562500000000e+00,2.143990151731651247e-03
1.876953125000000000e+00,2.268326294378654028e-03
1.877929687500000000e+00,2.390529732743461137e-03
1.878906250000000000e+00,2.510485569790447263e-03
1.879882812500000000e+00,2.628081021703381707e-03
1.880859375000000000e+00,2.743205523926026991e-03
1.881835937500000000e+00,2.855750835116164371e-03
1.882812500000000000e+00,2.965611138915307150e-03
1.883789062500000000e+00,3.072683143438417926e-03
1.884765625000000000e+00,3.176866178390088270e-03
1.885742187500000000e+00,3.278062289715869340e-03
1.886718750000000000e+00,3.376176331699764707e-03
1.887695312500000000e+00,3.471116056421290601e-03
1.888671875000000000e+00,3.562792200487998554e-03
1.889648437500000000e+00,3.651118568961909342e-03
1.890625000000000000e+00,3.736012116400953473e-03
1.891601562500000000e+00,3.817393024939221349e-03
1.892578125000000000e+00,3.895184779332608749e-03
1.893554687500000000e+00,3.969314238899302946e-03
1.894531250000000000e+00,4.039711706287465662e-03
1.895507812500000000e+00,4.106310993005461013e-03
1.896484375000000000e+00,4.169049481653012805e-03
1.897460937500000000e+00,4.227868184794783719e-03
1.898437500000000000e+00,4.282711800421020072e-03
1.899414062500000000e+00,4.333528763943117652e-03
1.900390625000000000e+00,4.380271296675225870e-03
1.901367187500000000e+00,4.422895450756300813e-03
1.902343750000000000e+00,4.461361150470377970e-03
1.903320312500000000e+00,4.495632229926207687e-03
1.904296875000000000e+00,4.525676467060832028e-03
1.905273437500000000e+00,4.551465613935130362e-03
1.906250000000000000e+00,4.572975423292851248e-03
1.907226562500000000e+00,4.590185671358154064e-03
1.908203125000000000e+00,4.603080176850233955e-03
1.909179687500000000e+00,4.611646816197145088e-03
1.910156250000000000e+00,4.615877534934522894e-03
1.911132812500000000e+00,4.615768355278486446e-03
1.912109375000000000e+00,4.611319379865599054e-03
1.913085937500000000e+00,4.602534791656374275e-03
1.914062500000000000e+00,4.589422850002414928e-03
1.915039062500000000e+00,4.571995882880883558e-03
1.916015625000000000e+00,4.550270275303609259e-03
1.916992187500000000e+00,4.524266453911720588e-03
1.917968750000000000e+00,4.494008867770298184e-03
1.918945312500000000e+00,4.459525965381097752e-03
1.919921875000000000e+00,4.420850167934958948e-03
1.920898437500000000e+00,4.378017838829047562e-03
1.921875000000000000e+00,4.331069249477592122e-03
1.922851562500000000e+00,4.280048541448259330e-03
1.923828125000000000e+00,4.225003684959769204e-03
1.924804687500000000e+00,4.165986433779768176e-03
1.925781250000000000e+00,4.103052276565369826e-03
1.926757812500000000e+00,4.036260384692108745e-03
1.927734375000000000e+00,3.965673556620364672e-03
1.928710937500000000e+00,3.891358158851557919e-03
1.929687500000000000e+00,3.813384063529636804e-03
1.930664062500000000e+00,3.731824582746518480e-03
1.931640625000000000e+00,3.646756399613252340e-03
1.932617187500000000e+00,3.558259496161716127e-03
1.933593750000000000e+00,3.466417078144627770e-03
1.934570312500000000e+00,3.371315496804581577e-03
1.935546875000000000e+00,3.273044167685657587e-03
1.936523437500000000e+00,3.171695486563941898e-03
1.937500000000000000e+00,3.067364742576000197e-03
1.938476562500000000e+00,2.960150028626981362e-03
1.939453125000000000e+00,2.850152149162585389e-03
1.940429687500000000e+00,2.737474525391613185e-03
1.941406250000000000e+00,2.622223098048205754e-03
1.942382812500000000e+00,2.504506227785197048e-03
1.943359375000000000e+00,2.384434593292232563e-03
1.944335937500000000e+00,2.262121087234445545e-03
1.945312500000000000e+00,2.137680710109526178e-03
1.946289062500000000e+00,2.011230462122986715e-03
1.947265625000000000e+00,1.882889233183274993e-03
1.948242187500000000e+00,1.752777691120172444e-03
1.949218750000000000e+00,1.621018168231567894e-03
1.950195312500000000e+00,1.487734546265280511e-03
1.951171875000000000e+00,1.353052139944073895e-03
1.952148437500000000e+00,1.217097579143369430e-03
1.953125000000000000e+00,1.079998689832440502e-03
1.954101562500000000e+00,9.418843738910241898e-04
1.955078125000000000e+00,8.028844879143507600e-04
1.956054687500000000e+00,6.631297211205390823e-04
1.957031250000000000e+00,5.227514724751507018e-04
1.958007812500000000e+00,3.818817271484312419e-04
1.958984375000000000e+00,2.406529324213957084e-04
1.959960937500000000e+00,9.919787315743205133e-05
1.960937500000000000e+00,-4.235045304349394101e-05
1.961914062500000000e+00,-1.838589608906511866e-04
1.962890625000000000e+00,-3.251946025308036833e-04
1.963867187500000000e+00,-4.662244926412718524e-04
1.964843750000000000e+00,-6.068160333701810068e-04
1.965820312500000000e+00,-7.468370390064265393e-04
1.966796875000000000e+00,-8.861558602621398594e-04
1.967773437500000000e+00,-1.024641508050803214e-03
1.968750000000000000e+00,-1.162163776644636751e-03
1.969726562500000000e+00,-1.298593366095461684e-03
1.970703125000000000e+00,-1.433802003803940749e-03
1.971679687500000000e+00,-1.567662565122893842e-03
1.972656250000000000e+00,-1.700049192881295489e-03
1.973632812500000000e+00,-1.830837415716578655e-03
1.974609375000000000e+00,-1.959904265103984931e-03
1.975585937500000000e+00,-2.087128390972930840e-03
1.976562500000000000e+00,-2.212390175801685552e-03
1.977539062500000000e+00,-2.335571847083086228e-03
1.978515625000000000e+00,-2.456557588055552875e-03
1.979492187500000000e+00,-2.575233646595285683e-03
1.980468750000000000e+00,-2.691488442167270807e-03
1.981445312500000000e+00,-2.805212670734532222e-03
1.982421875000000000e+00,-2.916299407526996325e-03
1.983398437500000000e+00,-3.024644207573342573e-03
1.984375000000000000e+00,-3.130145203901319850e-03
1.985351562500000000e+00,-3.232703203314201811e-03
1.986328125000000000e+00,-3.332221779653325201e-03
1.987304687500000000e+00,-3.428607364459032580e-03
1.988281250000000000e+00,-3.521769334944771252e-03
1.989257812500000000e+00,-3.611620099201640673e-03
1.990234375000000000e+00,-3.698075178553273615e-03
1.991210937500000000e+00,-3.781053286983621694e-03
1.992187500000000000e+00,-3.860476407562968022e-03
1.993164062500000000e+00,-3.936269865800306501e-03
1.994140625000000000e+00,-4.008362399853125993e-03
1.995117187500000000e+00,-4.076686227528580550e-03
1.996093750000000000e+00,-4.141177110013060519e-03
1.997070312500000000e+00,-4.201774412270234578e-03
1.998046875000000000e+00,-4.258421160050780870e-03
1.999023437500000000e+00,-4.311064093460209058e-03
2.000000000000000000e+00,-4.359653717034402132e-03
2.000976562500000000e+00,-4.404144346275800162e-03
2.001953125000000000e+00,-4.444494150606471093e-03
2.002929687500000000e+00,-4.480665192697682458e-03
2.003906250000000000e+00,-4.512623464138999264e-03
2.004882812500000000e+00,-4.540338917413369764e-03
2.005859375000000000e+00,-4.563785494148132893e-03
2.006835937500000000e+00,-4.582941149615389620e-03
2.007812500000000000e+00,-4.597787873458701949e-03
2.008789062500000000e+00,-4.608311706626629090e-03
2.009765625000000000e+00,-4.614502754497186443e-03
2.010742187500000000e+00,-4.616355196180876169e-03
2.011718750000000000e+00,-4.613867289993555006e-03
2.012695312500000000e+00,-4.607041375093986341e-03
2.013671875000000000e+00,-4.595883869284539576e-03
2.014648437500000000e+00,-4.580405262977101967e-03
2.015625000000000000e+00,-4.560620109329878089e-03
2.016601562500000000e+00,-4.536547010564353360e-03
2.017578125000000000e+00,-4.508208600475280270e-03
2.018554687500000000e+00,-4.475631523150135072e-03
2.019531250000000000e+00,-4.438846407918055001e-03
2.020507812500000000e+00,-4.397887840551805740e-03
2.021484375000000000e+00,-4.352794330749858165e-03
2.022460937500000000e+00,-4.303608275929143683e-03
2.023437500000000000e+00,-4.250375921362538160e-03
2.024414062500000000e+00,-4.193147316698545360e-03
2.025390625000000000e+00,-4.131976268904066427e-03
2.026367187500000000e+00,-4.066920291674496965e-03
2.027343750000000000e+00,-3.998040551358716943e-03
2.028320312500000000e+00,-3.925401809449812970e-03
2.029296875000000000e+00,-3.849072361695611219e-03
2.030273437500000000e+00,-3.769123973886260789e-03
2.031250000000000000e+00,-3.685631814379245873e-03
2.032226562500000000e+00,-3.598674383425268155e-03
2.033203125000000000e+00,-3.508333439361444560e-03
2.034179687500000000e+00,-3.414693921741216668e-03
2.035156250000000000e+00,-3.317843871473246005e-03
2.036132812500000000e+00,-3.217874348044379683e-03
2.037109375000000000e+00,-3.114879343904516928e-03
2.038085937500000000e+00,-3.008955696093870268e-03
2.039062500000000000e+00,-2.900202995195711158e-03
2.040039062500000000e+00,-2.788723491700206055e-03
2.041015625000000000e+00,-2.674621999867375817e-03
2.041992187500000000e+00,-2.558005799179572694e-03
2.042968750000000000e+00,-2.438984533476126065e-03
2.043945312500000000e+00,-2.317670107864995121e-03
2.044921875000000000e+00,-2.194176583508351385e-03
2.045898437500000000e+00,-2.068620070381014999e-03
2.046875000000000000e+00,-1.941118618102574689e-03
2.047851562500000000e+00,-1.811792104945833060e-03
2.048828125000000000e+00,-1.680762125125930158e-03
2.049804687500000000e+00,-1.548151874476120854e-03
2.050781250000000000e+00,-1.414086034617692772e-03
2.051757812500000000e+00,-1.278690655732928972e-03
2.052734375000000000e+00,-1.142093038051335578e-03
2.053710937500000000e+00,-1.004421612160560440e-03
2.054687500000000000e+00,-8.658058182545368088e-04
2.055664062500000000e+00,-7.263759844323843754e-04
2.056640625000000000e+00,-5.862632041624913368e-04
2.057617187500000000e+00,-4.455992130269883296e-04
2.058593750000000000e+00,-3.045162648624996724e-04
2.059570312500000000e+00,-1.631470074136262332e-04
2.060546875000000000e+00,-2.162435761607134008e-05
2.061523437500000000e+00,1.199186233733295719e-04
2.062500000000000000e+00,2.613488552821776061e-04
2.063476562500000000e+00,4.025333638460518149e-04
2.064453125000000000e+00,5.433394058323807183e-04
2.065429687500000000e+00,6.836345938470952174e-04
2.066406250000000000e+00,8.232870208067179143e-04
2.067382812500000000e+00,9.621653839588595672e-04
2.068359375000000000e+00,1.100139108334516466e-03
2.069335937500000000e+00,1.237078469516098055e-03
2.070312500000000000e+00,1.372854715605756250e-03
2.071289062500000000e+00,1.507340188279341795e-03
2.072265625000000000e+00,1.640408442812169845e-03
2.073242187500000000e+00,1.771934366963746031e-03
2.074218750000000000e+00,1.901794298609676536e-03
2.075195312500000000e+00,2.029866142010162706e-03
2.076171875000000000e+00,2.156029482605763790e-03
2.077148437500000000e+00,2.280165700232494614e-03
2.078125000000000000e+00,2.402158080649814242e-03
2.079101562500000000e+00,2.521891925276642694e-03
2.080078125000000000e+00,2.639254659032233465e-03
2.081054687500000000e+00,2.754135936180508119e-03
2.082031250000000000e+00,2.866427744078334054e-03
2.083007812500000000e+00,2.976024504730205404e-03
2.083984375000000000e+00,3.082823174053839644e-03
2.084960937500000000e+00,3.186723338763360492e-03
2.085937500000000000e+00,3.287627310778979371e-03
2.086914062500000000e+00,3.385440219074404428e-03
2.087890625000000000e+00,3.480070098875629077e-03
2.088867187500000000e+00,3.571427978127225331e-03
2.089843750000000000e+00,3.659427961144854930e-03
2.090820312500000000e+00,3.743987309375337684e-03
2.091796875000000000e+00,3.825026519188353801e-03
2.092773437500000000e+00,3.902469396626634304e-03
2.093750000000000000e+00,3.976243129044360232e-03
2.094726562500000000e+00,4.046278353566416103e-03
2.095703125000000000e+00,4.112509222304131136e-03
2.096679687500000000e+00,4.174873464266190548e-03
2.097656250000000000e+00,4.233312443906507398e-03
2.098632812500000000e+00,4.287771216254012210e-03
2.099609375000000000e+00,4.338198578572519462e-03
2.100585937500000000e+00,4.384547118502105621e-03
2.101562500000000000e+00,4.426773258636732856e-03
2.102539062500000000e+00,4.464837297496207502e-03
2.103515625000000000e+00,4.498703446853946804e-03
2.104492187500000000e+00,4.528339865385468295e-03
2.105468750000000000e+00,4.553718688605950908e-03
2.106445312500000000e+00,4.574816055068731471e-03
2.107421875000000000e+00,4.591612128800099182e-03
2.108398437500000000e+00,4.604091117949298158e-03
2.109375000000000000e+00,4.612241289636197401e-03
2.110351562500000000e+00,4.616054980982674943e-03
2.111328125000000000e+00,4.615528606317337301e-03
2.112304687500000000e+00,4.610662660546807970e-03
2.113281250000000000e+00,4.601461718690411269e-03
2.114257812500000000e+00,4.587934431578686093e-03
2.115234375000000000e+00,4.570093517719778405e-03
2.116210937500000000e+00,4.547955751341360014e-03
2.117187500000000000e+00,4.521541946619311164e-03
2.118164062500000000e+00,4.490876938108004889e-03
2.119140625000000000e+00,4.455989557390580350e-03
2.120117187500000000e+00,4.416912605971171080e-03
2.121093750000000000e+00,4.373682824434566886e-03
2.122070312500000000e+00,4.326340857902309656e-03
2.123046875000000000e+00,4.274931217817700552e-03
2.124023437500000000e+00,4.219502240095646464e-03
2.125000000000000000e+00,4.160106039676700514e-03
2.125976562500000000e+00,4.096798461528015911e-03
2.126953125000000000e+00,4.029639028137291766e-03
2.127929687500000000e+00,3.958690883549070665e-03
2.128906250000000000e+00,3.884020733996010853e-03
2.129882812500000000e+00,3.805698785180946456e-03
2.130859375000000000e+00,3.723798676268711121e-03
2.131835937500000000e+00,3.638397410649779184e-03
2.132812500000000000e+00,3.549575283540827662e-03
2.133789062500000000e+00,3.457415806490284418e-03
2.134765625000000000e+00,3.362005628859848251e-03
2.135742187500000000e+00,3.263434456355799457e-03
2.136718750000000000e+00,3.161794966686703231e-03
2.137695312500000000e+00,3.057182722426804444e-03
2.138671875000000000e+00,2.949696081167036549e-03
2.139648437500000000e+00,2.839436103038129548e-03
2.140625000000000000e+00,2.726506455692755734e-03
2.141601562500000000e+00,2.611013316836057092e-03
2.142578125000000000e+00,2.493065274396193739e-03
2.143554687500000000e+00,2.372773224428772771e-03
2.144531250000000000e+00,2.250250266851150198e-03
2.145507812500000000e+00,2.125611599104639503e-03
2.146484375000000000e+00,1.998974407844602424e-03
2.147460937500000000e+00,1.870457758760261718e-03
2.148437500000000000e+00,1.740182484627822521e-03
2.149414062500000000e+00,1.608271071702160795e-03
2.150390625000000000e+00,1.474847544553892697e-03
2.151367187500000000e+00,1.340037349460102001e-03
2.152343750000000000e+00,1.203967236458363971e-03
2.153320312500000000e+00,1.066765140174958564e-03
2.154296875000000000e+00,9.285600595393208884e-04
2.155273437500000000e+00,7.894819364978216455e-04
2.156250000000000000e+00,6.496615338409127182e-04
2.157226562500000000e+00,5.092303122585064342e-04
2.158203125000000000e+00,3.683203067391816864e-04
2.159179687500000000e+00,2.270640024294281252e-04
2.160156250000000000e+00,8.559421006964717756e-05
2.161132812500000000e+00,-5.595605887597418222e-05
2.162109375000000000e+00,-1.974537172783122070e-04
2.163085937500000000e+00,-3.387657274732962156e-04
2.164062500000000000e+00,-4.797592263453908474e-04
2.165039062500000000e+00,-6.203016502469656159e-04
2.166015625000000000e+00,-7.602608596361021178e-04
2.166992187500000000e+00,-8.995052633156510637e-04
2.167968750000000000e+00,-1.037903942156731063e-03
2.168945312500000000e+00,-1.175326772190339857e-03
2.169921875000000000e+00,-1.311644546951348843e-03
2.170898437500000000e+00,-1.446729098959849327e-03
2.171875000000000000e+00,-1.580453420225633263e-03
2.172851562500000000e+00,-1.712691781662510019e-03
2.173828125000000000e+00,-1.843319851300182638e-03
2.174804687500000000e+00,-1.972214811182539888e-03
2.175781250000000000e+00,-2.099255472842456553e-03
2.176757812500000000e+00,-2.224322391244529327e-03
2.177734375000000000e+00,-2.347297977088619574e-03
2.178710937500000000e+00,-2.468066607368611665e-03
2.179687500000000000e+00,-2.586514734082443097e-03
2.180664062500000000e+00,-2.702530990991188712e-03
2.181640625000000000e+00,-2.816006298326830491e-03
2.182617187500000000e+00,-2.926833965350261312e-03
2.183593750000000000e+00,-3.034909790663095890e-03
2.184570312500000000e+00,-3.140132160178977627e-03
2.185546875000000000e+00,-3.242402142662264945e-03
2.186523437500000000e+00,-3.341623582744272705e-03
2.187500000000000000e+00,-3.437703191329612596e-03
2.188476562500000000e+00,-3.530550633307631518e-03
2.189453125000000000e+00,-3.620078612486480035e-03
2.190429687500000000e+00,-3.706202953669956827e-03
2.191406250000000000e+00,-3.788842681799959103e-03
2.192382812500000000e+00,-3.867920098090126251e-03
2.193359375000000000e+00,-3.943360853079096867e-03
2.194335937500000000e+00,-4.015094016534694922e-03
2.195312500000000000e+00,-4.083052144143317283e-03
2.196289062500000000e+00,-4.147171340921821867e-03
2.197265625000000000e+00,-4.207391321292297016e-03
2.198242187500000000e+00,-4.263655465763228208e-03
2.199218750000000000e+00,-4.315910874163769208e-03
2.200195312500000000e+00,-4.364108415381067439e-03
2.201171875000000000e+00,-4.408202773553878025e-03
2.202148437500000000e+00,-4.448152490679038555e-03
2.203125000000000000e+00,-4.483920005590740290e-03
2.204101562500000000e+00,-4.515471689275950620e-03
2.205078125000000000e+00,-4.542777876492783314e-03
2.206054687500000000e+00,-4.565812893662087729e-03
2.207031250000000000e+00,-4.584555083006028840e-03
2.208007812500000000e+00,-4.598986822910970489e-03
2.208984375000000000e+00,-4.609094544495510523e-03
2.209960937500000000e+00,-4.614868744368091739e-03
2.210937500000000000e+00,-4.616303993562197346e-03
2.211914062500000000e+00,-4.613398942640722748e-03
2.212890625000000000e+00,-4.606156322964732354e-03
2.213867187500000000e+00,-4.594582944125402690e-03
2.214843750000000000e+00,-4.578689687541568319e-03
2.215820312500000000e+00,-4.558491496228893498e-03
2.216796875000000000e+00,-4.534007360750279964e-03
2.217773437500000000e+00,-4.505260301360732023e-03
2.218750000000000000e+00,-4.472277346363457209e-03
2.219726562500000000e+00,-4.435089506697556007e-03
2.220703125000000000e+00,-4.393731746781192986e-03
2.221679687500000000e+00,-4.348242951637666664e-03
2.222656250000000000e+00,-4.298665890335277850e-03
2.223632812500000000e+00,-4.245047175775378684e-03
2.224609375000000000e+00,-4.187437220866408079e-03
2.225585937500000000e+00,-4.125890191125116714e-03
2.226562500000000000e+00,-4.060463953749550957e-03
2.227539062500000000e+00,-3.991220023211669750e-03
2.228515625000000000e+00,-3.918223503420760999e-03
2.229492187500000000e+00,-3.841543026512024128e-03
2.230468750000000000e+00,-3.761250688317878659e-03
2.231445312500000000e+00,-3.677421980582663841e-03
2.232421875000000000e+00,-3.590135719984467386e-03
2.233398437500000000e+00,-3.499473974030812076e-03
2.234375000000000000e+00,-3.405521983897877563e-03
2.235351562500000000e+00,-3.308368084285805231e-03
2.236328125000000000e+00,-3.208103620365434280e-03
2.237304687500000000e+00,-3.104822861894563669e-03
2.238281250000000000e+00,-2.998622914584482633e-03
2.239257812500000000e+00,-2.889603628800107172e-03
2.240234375000000000e+00,-2.777867505679563597e-03
2.241210937500000000e+00,-2.663519600761484439e-03
2.242187500000000000e+00,-2.546667425210629148e-03
2.243164062500000000e+00,-2.427420844734698435e-03
2.244140625000000000e+00,-2.305891976287382118e-03
2.245117187500000000e+00,-2.182195082654758093e-03
2.246093750000000000e+00,-2.056446465024158038e-03
2.247070312500000000e+00,-1.928764353636505191e-03
2.248046875000000000e+00,-1.799268796624934989e-03
2.249023437500000000e+00,-1.668081547144212610e-03
2.250000000000000000e+00,-1.535325948897070438e-03
2.250976562500000000e+00,-1.401126820165095495e-03
2.251953125000000000e+00,-1.265610336453200932e-03
2.252929687500000000e+00,-1.128903911858020843e-03
2.253906250000000000e+00,-9.911360792717685032e-04
2.254882812500000000e+00,-8.524363695341895253e-04
2.255859375000000000e+00,-7.129351896462345246e-04
2.256835937500000000e+00,-5.727637001599548668e-04
2.257812500000000000e+00,-4.320536918599016227e-04
2.258789062500000000e+00,-2.909374618519726917e-04
2.259765625000000000e+00,-1.495476891762112807e-04
2.260742187500000000e+00,-8.017310060505456696e-06
2.261718750000000000e+00,1.335206070675229418e-04
2.262695312500000000e+00,2.749329866929252570e-04
2.263671875000000000e+00,4.160868713324963625e-04
2.264648437500000000e+00,5.568495465428704170e-04
2.265625000000000000e+00,6.970886657001076729e-04
2.266601562500000000e+00,8.366723744334535369e-04
2.267578125000000000e+00,9.754694345962758176e-04
2.268554687500000000e+00,1.113349347657621030e-03
2.269531250000000000e+00,1.250182477398376112e-03
2.270507812500000000e+00,1.385840171796674488e-03
2.271484375000000000e+00,1.520194883987950000e-03
2.272460937500000000e+00,1.653120292185908174e-03
2.273437500000000000e+00,1.784491418451667226e-03
2.274414062500000000e+00,1.914184746199397392e-03
2.275390625000000000e+00,2.042078336327980779e-03
2.276367187500000000e+00,2.168051941869501929e-03
2.277343750000000000e+00,2.291987121046776873e-03
2.278320312500000000e+00,2.413767348633620927e-03
2.279296875000000000e+00,2.533278125513155777e-03
2.280273437500000000e+00,2.650407086331144080e-03
2.281250000000000000e+00,2.765044105143137608e-03
2.282226562500000000e+00,2.877081398956108250e-03
2.283203125000000000e+00,2.986413629067210043e-03
2.284179687500000000e+00,3.092938000104390826e-03
2.285156250000000000e+00,3.196554356675739179e-03
2.286132812500000000e+00,3.297165277536690583e-03
2.287109375000000000e+00,3.394676167186557684e-03
2.288085937500000000e+00,3.488995344808266952e-03
2.289062500000000000e+00,3.580034130467676327e-03
2.290039062500000000e+00,3.667706928491429753e-03
2.291015625000000000e+00,3.751931307944954708e-03
2.291992187500000000e+00,3.832628080134939733e-03
2.292968750000000000e+00,3.909721373063418381e-03
2.293945312500000000e+00,3.983138702763460923e-03
2.294921875000000000e+00,4.052811041449401117e-03
2.295898437500000000e+00,4.118672882417523905e-03
2.296875000000000000e+00,4.180662301636192506e-03
2.297851562500000000e+00,4.238721015967505945e-03
2.298828125000000000e+00,4.292794437965753024e-03
2.299804687500000000e+00,4.342831727201129297e-03
2.300781250000000000e+00,4.388785838060473531e-03
2.301757812500000000e+00,4.430613563980070890e-03
2.302734375000000000e+00,4.468275578068944993e-03
2.303710937500000000e+00,4.501736470084432423e-03
2.304687500000000000e+00,4.530964779725286246e-03
2.305664062500000000e+00,4.555933026210999374e-03
2.306640625000000000e+00,4.576617734119538435e-03
2.307617187500000000e+00,4.592999455459192450e-03
2.308593750000000000e+00,4.605062787953794270e-03
2.309570312500000000e+00,4.612796389524106283e-03
2.310546875000000000e+00,4.616192988951772769e-03
2.311523437500000000e+00,4.615249392715798336e-03
2.312500000000000000e+00,4.609966487995130480e-03
2.313476562500000000e+00,4.600349241834525600e-03
2.314453125000000000e+00,4.586406696474478253e-03
2.315429687500000000e+00,4.568151960849608541e-03
2.316406250000000000e+00,4.545602198263494313e-03
2.317382812500000000e+00,4.518778610251545681e-03
2.318359375000000000e+00,4.487706416647085049e-03
2.319335937500000000e+00,4.452414831869383298e-03
2.320312500000000000e+00,4.412937037455938113e-03
2.321289062500000000e+00,4.369310150864827089e-03
2.322265625000000000e+00,4.321575190576463707e-03
2.323242187500000000e+00,4.269777037527565898e-03
2.324218750000000000e+00,4.213964392913607630e-03
2.325195312500000000e+00,4.154189732399413658e-03
2.326171875000000000e+00,4.090509256780959328e-03
2.327148437500000000e+00,4.022982839144763692e-03
2.328125000000000000e+00,3.951673968574548855e-03
2.329101562500000000e+00,3.876649690458103259e-03
2.330078125000000000e+00,3.797980543450467199e-03
2.331054687500000000e+00,3.715740493152709135e-03
2.332031250000000000e+00,3.630006862568649611e-03
2.333007812500000000e+00,3.540860259404920128e-03
2.333984375000000000e+00,3.448384500282704237e-03
2.334960937500000000e+00,3.352666531932425430e-03
2.335937500000000000e+00,3.253796349445469728e-03
2.336914062500000000e+00,3.151866911659805502e-03
2.337890625000000000e+00,3.046974053759057572e-03
2.338867187500000000e+00,2.939216397167207246e-03
2.339843750000000000e+00,2.828695256823640040e-03
2.340820312500000000e+00,2.715514545925719597e-03
2.341796875000000000e+00,2.599780678228451151e-03
2.342773437500000000e+00,2.481602467993092049e-03
2.343750000000000000e+00,2.361091027678781634e-03
2.344726562500000000e+00,2.238359663473378329e-03
2.345703125000000000e+00,2.113523768761729586e-03
2.346679687500000000e+00,1.986700715631536333e-03
2.347656250000000000e+00,1.858009744518817567e-03
2.348632812500000000e+00,1.727571852096735630e-03
2.349609375000000000e+00,1.595509677513185908e-03
2.350585937500000000e+00,1.461947387084115094e-03
2.351562500000000000e+00,1.327010557550977604e-03
2.352539062500000000e+00,1.190826058012095859e-03
2.353515625000000000e+00,1.053521930638931124e-03
2.354492187500000000e+00,9.152272702894191127e-04
2.355468750000000000e+00,7.760721031315572687e-04
2.356445312500000000e+00,6.361872643913644597e-04
2.357421875000000000e+00,4.957042753401552128e-04
2.358398437500000000e+00,3.547552196367866235e-04
2.359375000000000000e+00,2.134726191411423317e-04
2.360351562500000000e+00,7.198930931561495564e-05
2.361328125000000000e+00,-6.956168566826399498e-05
2.362304687500000000e+00,-2.110472780006205306e-04
2.363281250000000000e+00,-3.523344413638682419e-04
2.364257812500000000e+00,-4.932903360055224118e-04
2.365234375000000000e+00,-6.337824336356038223e-04
2.366210937500000000e+00,-7.736786420312019401e-04
2.367187500000000000e+00,-9.128474292310429037e-04
2.368164062500000000e+00,-1.051157947203293494e-03
2.369140625000000000e+00,-1.188480154870327071e-03
2.370117187500000000e+00,-1.324684940374781968e-03
2.371093750000000000e+00,-1.459644242471957619e-03
2.372070312500000000e+00,-1.593231170934411882e-03
2.373046875000000000e+00,-1.725320125855555383e-03
2.374023437500000000e+00,-1.855786915740072424e-03
2.375000000000000000e+00,-1.984508874270137467e-03
2.375976562500000000e+00,-2.111364975637643714e-03
2.376953125000000000e+00,-2.236235948334004686e-03
2.377929687500000000e+00,-2.359004387290545603e-03
2.378906250000000000e+00,-2.479554864264046747e-03
2.379882812500000000e+00,-2.597774036363653585e-03
2.380859375000000000e+00,-2.713550752617115668e-03
2.381835937500000000e+00,-2.826776158476159741e-03
2.382812500000000000e+00,-2.937343798162738839e-03
2.383789062500000000e+00,-3.045149714759931830e-03
2.384765625000000000e+00,-3.150092547953385527e-03
2.385742187500000000e+00,-3.252073629331403686e-03
2.386718750000000000e+00,-3.350997075154076629e-03
2.387695312500000000e+00,-3.446769876504235646e-03
2.388671875000000000e+00,-3.539301986735463208e-03
2.389648437500000000e+00,-3.628506406134946079e-03
2.390625000000000000e+00,-3.714299263721567487e-03
2.391601562500000000e+00,-3.796599896102329820e-03
2.392578125000000000e+00,-3.875330923312968797e-03
2.393554687500000000e+00,-3.950418321571451570e-03
2.394531250000000000e+00,-4.021791492875954714e-03
2.395507812500000000e+00,-4.089383331381885728e-03
2.396484375000000000e+00,-4.153130286495539635e-03
2.397460937500000000e+00,-4.212972422625070948e-03
2.398437500000000000e+00,-4.268853475532598946e-03
2.399414062500000000e+00,-4.320720905234466495e-03
2.400390625000000000e+00,-4.368525945399912708e-03
2.401367187500000000e+00,-4.412223649201715663e-03
2.402343750000000000e+00,-4.451772931575699935e-03
2.403320312500000000e+00,-4.487136607849363801e-03
2.404296875000000000e+00,-4.518281428703320966e-03
2.405273437500000000e+00,-4.545178111432679469e-03
2.406250000000000000e+00,-4.567801367478963731e-03
2.407226562500000000e+00,-4.586129926206695961e-03
2.408203125000000000e+00,-4.600146554902284114e-03
2.409179687500000000e+00,-4.609838074976409412e-03
2.410156250000000000e+00,-4.615195374354682557e-03
2.411132812500000000e+00,-4.616213416044913885e-03
2.412109375000000000e+00,-4.612891242872952692e-03
2.413085937500000000e+00,-4.605231978382632284e-03
2.414062500000000000e+00,-4.593242823898977673e-03
2.415039062500000000e+00,-4.576935051757442807e-03
2.416015625000000000e+00,-4.556323994705534230e-03
2.416992187500000000e+00,-4.531429031486794087e-03
2.417968750000000000e+00,-4.502273568620690676e-03
2.418945312500000000e+00,-4.468885018395549538e-03
2.419921875000000000e+00,-4.431294773095218603e-03
2.420898437500000000e+00,-4.389538175483694536e-03
2.421875000000000000e+00,-4.343654485575466732e-03
2.422851562500000000e+00,-4.293686843722816122e-03
2.423828125000000000e+00,-4.239682230054781474e-03
2.424804687500000000e+00,-4.181691420305920677e-03
2.425781250000000000e+00,-4.119768938076405831e-03
2.426757812500000000e+00,-4.053973003568330305e-03
2.427734375000000000e+00,-3.984365478846432253e-03
2.428710937500000000e+00,-3.911011809674696908e-03
2.429687500000000000e+00,-3.833980963983526103e-03
2.430664062500000000e+00,-3.753345367025329345e-03
2.431640625000000000e+00,-3.669180833279498972e-03
2.432617187500000000e+00,-3.581566495170799766e-03
2.433593750000000000e+00,-3.490584728668188422e-03
2.434570312500000000e+00,-3.396321075834016906e-03
2.435546875000000000e+00,-3.298864164396440781e-03
2.436523437500000000e+00,-3.198305624420648245e-03
2.437500000000000000e+00,-3.094740002157261253e-03
2.438476562500000000e+00,-2.988264671148905573e-03
2.439453125000000000e+00,-2.878979740678529187e-03
2.440429687500000000e+00,-2.766987961645548614e-03
2.441406250000000000e+00,-2.652394629958317474e-03
2.442382812500000000e+00,-2.535307487533749581e-03
2.443359375000000000e+00,-2.415836620997177490e-03
2.444335937500000000e+00,-2.294094358177691060e-03
2.445312500000000000e+00,-2.170195162496271410e-03
2.446289062500000000e+00,-2.044255525346016285e-03
2.447265625000000000e+00,-1.916393856565645629e-03
2.448242187500000000e+00,-1.786730373109262065e-03
2.449218750000000000e+00,-1.655386986017042331e-03
2.450195312500000000e+00,-1.522487185793129031e-03
2.451171875000000000e+00,-1.388155926298494363e-03
2.452148437500000000e+00,-1.252519507267939140e-03
2.453125000000000000e+00,-1.115705455561685636e-03
2.454101562500000000e+00,-9.778424052632142972e-04
2.455078125000000000e+00,-8.390599767360767481e-04
2.456054687500000000e+00,-6.994886547533971793e-04
2.457031250000000000e+00,-5.592596658146463569e-04
2.458007812500000000e+00,-4.185048547650367895e-04
2.458984375000000000e+00,-2.773565608335415325e-04
2.459960937500000000e+00,-1.359474932060886318e-04
2.460937500000000000e+00,5.589393749082347158e-06
2.461914062500000000e+00,1.471210254865869379e-04
2.462890625000000000e+00,2.885143324020541470e-04
2.463867187500000000e+00,4.296363749456392112e-04
2.464843750000000000e+00,5.703544686132579200e-04
2.465820312500000000e+00,7.105363086980236338e-04
2.466796875000000000e+00,8.500500946845955400e-04
2.467773437500000000e+00,9.887646541694792689e-04
2.468750000000000000e+00,1.126549566190771260e-03
2.469726562500000000e+00,1.263275283851387825e-03
2.470703125000000000e+00,1.398813256120490754e-03
2.471679687500000000e+00,1.533036048698586170e-03
2.472656250000000000e+00,1.665817463832662158e-03
2.473632812500000000e+00,1.797032658968711035e-03
2.474609375000000000e+00,1.926558264130078359e-03
2.475585937500000000e+00,2.054272497911278396e-03
2.476562500000000000e+00,2.180055281978217872e-03
2.477539062500000000e+00,2.303788353967173037e-03
2.478515625000000000e+00,2.425355378676370341e-03
2.479492187500000000e+00,2.544642057445630455e-03
2.480468750000000000e+00,2.661536235621230796e-03
2.481445312500000000e+00,2.775928008004950424e-03
2.482421875000000000e+00,2.887709822188153086e-03
2.483398437500000000e+00,2.996776579673750447e-03
2.484375000000000000e+00,3.103025734690969661e-03
2.485351562500000000e+00,3.206357390610022149e-03
2.486328125000000000e+00,3.306674393866017390e-03
2.487304687500000000e+00,3.403882425303819508e-03
2.488281250000000000e+00,3.497890088857959646e-03
2.489257812500000000e+00,3.588608997484225935e-03
2.490234375000000000e+00,3.675953856262140218e-03
2.491210937500000000e+00,3.759842542590184807e-03
2.492187500000000000e+00,3.840196183398379964e-03
2.493164062500000000e+00,3.916939229305616520e-03
2.494140625000000000e+00,3.989999525652018590e-03
2.495117187500000000e+00,4.059308380339551707e-03
2.496093750000000000e+00,4.124800628417094051e-03
2.497070312500000000e+00,4.186414693349243751e-03
2.498046875000000000e+00,4.244092644911256866e-03
2.499023437500000000e+00,4.297780253655685175e-03
2.500000000000000000e+00,4.347427041899503027e-03
2.500976562500000000e+00,4.392986331183781554e-03
2.501953125000000000e+00,4.434415286161293157e-03
2.502929687500000000e+00,4.471674954870777201e-03
2.503906250000000000e+00,4.504730305360005703e-03
2.504882812500000000e+00,4.533550258623210427e-03
2.505859375000000000e+00,4.558107717821909162e-03
2.506835937500000000e+00,4.578379593761651434e-03
2.507812500000000000e+00,4.594346826600735796e-03
2.508789062500000000e+00,4.605994403770482734e-03
2.509765625000000000e+00,4.613311374090216417e-03
2.510742187500000000e+00,4.616290858063689002e-03
2.511718750000000000e+00,4.614930054347257324e-03
2.512695312500000000e+00,4.609230242383735229e-03
2.513671875000000000e+00,4.599196781199450454e-03
2.514648437500000000e+00,4.584839104365626659e-03
2.515625000000000000e+00,4.566170711128836844e-03
2.516601562500000000e+00,4.543209153718861734e-03
2.517578125000000000e+00,4.515976020845889789e-03
2.518554687500000000e+00,4.484496917402573321e-03
2.519531250000000000e+00,4.448801440390024418e-03
2.520507812500000000e+00,4.408923151090387953e-03
2.521484375000000000e+00,4.364899543512153028e-03
2.522460937500000000e+00,4.316772009137873588e-03
2.523437500000000000e+00,4.264585798007434862e-03
2.524414062500000000e+00,4.208389976173470062e-03
2.525390625000000000e+00,4.148237379568912690e-03
2.526367187500000000e+00,4.084184564330069038e-03
2.527343750000000000e+00,4.016291753621914831e-03
2.528320312500000000e+00,3.944622781015607281e-03
2.529296875000000000e+00,3.869245030471458579e-03
2.530273437500000000e+00,3.790229372983790115e-03
2.531250000000000000e+00,3.707650099947240856e-03
2.532226562500000000e+00,3.621584853307176395e-03
2.533203125000000000e+00,3.532114552559874419e-03
2.534179687500000000e+00,3.439323318671119213e-03
2.535156250000000000e+00,3.343298394984739984e-03
2.536132812500000000e+00,3.244130065195454955e-03
2.537109375000000000e+00,3.141911568463143581e-03
2.538085937500000000e+00,3.036739011748358034e-03
2.539062500000000000e+00,2.928711279451495439e-03
2.540039062500000000e+00,2.817929940440593289e-03
2.541015625000000000e+00,2.704499152555155973e-03
2.541992187500000000e+00,2.588525564675803019e-03
2.542968750000000000e+00,2.470118216451812950e-03
2.543945312500000000e+00,2.349388435780839363e-03
2.544921875000000000e+00,2.226449734137191279e-03
2.545898437500000000e+00,2.101417699847090391e-03
2.546875000000000000e+00,1.974409889411249397e-03
2.547851562500000000e+00,1.845545716976949467e-03
2.548828125000000000e+00,1.714946342063540432e-03
2.549804687500000000e+00,1.582734555646920973e-03
2.550781250000000000e+00,1.449034664710105620e-03
2.551757812500000000e+00,1.313972375368425635e-03
2.552734375000000000e+00,1.177674674679249616e-03
2.553710937500000000e+00,1.040269711247348910e-03
2.554687500000000000e+00,9.018866747381626588e-04
2.555664062500000000e+00,7.626556744122465299e-04
2.556640625000000000e+00,6.227076167951077316e-04
2.557617187500000000e+00,4.821740825974427016e-04
2.558593750000000000e+00,3.411872030014989230e-04
2.559570312500000000e+00,1.998795354298763818e-04
2.560546875000000000e+00,5.838393891357404543e-05
2.561523437500000000e+00,-8.316655082353985231e-05
2.562500000000000000e+00,-2.246388464463857336e-04
2.563476562500000000e+00,-3.658999341388562078e-04
2.564453125000000000e+00,-5.068169986648761579e-04
2.565429687500000000e+00,-6.472575482427558131e-04
2.566406250000000000e+00,-7.870895391154284458e-04
2.567382812500000000e+00,-9.261814996994498835e-04
2.568359375000000000e+00,-1.064402654196034900e-03
2.569335937500000000e+00,-1.201623045547908298e-03
2.570312500000000000e+00,-1.337713657626367130e-03
2.571289062500000000e+00,-1.472546536533670715e-03
2.572265625000000000e+00,-1.605994910906709131e-03
2.573242187500000000e+00,-1.737933311108840612e-03
2.574218750000000000e+00,-1.868237687197830781e-03
2.575195312500000000e+00,-1.996785525558979202e-03
2.576171875000000000e+00,-2.123455964093773785e-03
2.577148437500000000e+00,-2.248129905855772957e-03
2.578125000000000000e+00,-2.370690131026869426e-03
2.579101562500000000e+00,-2.491021407128659725e-03
2.580078125000000000e+00,-2.609010597365294531e-03
2.581054687500000000e+00,-2.724546766995943753e-03
2.582031250000000000e+00,-2.837521287636866982e-03
2.583007812500000000e+00,-2.947827939395018890e-03
2.583984375000000000e+00,-3.055363010737169142e-03
2.584960937500000000e+00,-3.160025396000629757e-03
2.585937500000000000e+00,-3.261716690453918873e-03
2.586914062500000000e+00,-3.360341282817975832e-03
2.587890625000000000e+00,-3.455806445160942465e-03
2.588867187500000000e+00,-3.548022420081989661e-03
2.589843750000000000e+00,-3.636902505102218748e-03
2.590820312500000000e+00,-3.722363134183288846e-03
2.591796875000000000e+00,-3.804323956297130972e-03
2.592773437500000000e+00,-3.882707910972872222e-03
2.593750000000000000e+00,-3.957441300749942222e-03
2.594726562500000000e+00,-4.028453860469240547e-03
2.595703125000000000e+00,-4.095678823337216279e-03
2.596679687500000000e+00,-4.159052983700743146e-03
2.597656250000000000e+00,-4.218516756473776261e-03
2.598632812500000000e+00,-4.274014233159905904e-03
2.599609375000000000e+00,-4.325493234418146919e-03
2.600585937500000000e+00,-4.372905359122527570e-03
2.601562500000000000e+00,-4.416206029869367174e-03
2.602539062500000000e+00,-4.455354534889440811e-03
2.603515625000000000e+00,-4.490314066325637281e-03
2.604492187500000000e+00,-4.521051754840111313e-03
2.605468750000000000e+00,-4.547538700518398772e-03
2.606445312500000000e+00,-4.569750000041436500e-03
2.607421875000000000e+00,-4.587664770099936923e-03
2.608398437500000000e+00,-4.601266167029106381e-03
2.609375000000000000e+00,-4.610541402645245389e-03
2.610351562500000000e+00,-4.615481756269340825e-03
2.611328125000000000e+00,-4.616082582926343998e-03
2.612304687500000000e+00,-4.612343317712427199e-03
2.613281250000000000e+00,-4.604267476326113530e-03
2.614257812500000000e+00,-4.591862651762776935e-03
2.615234375000000000e+00,-4.575140507175624524e-03
2.616210937500000000e+00,-4.554116764909871967e-03
2.617187500000000000e+00,-4.528811191720419696e-03
2.618164062500000000e+00,-4.499247580186931973e-03
2.619140625000000000e+00,-4.465453726343789238e-03
2.620117187500000000e+00,-4.427461403545950719e-03
2.621093750000000000e+00,-4.385306332595294461e-03
2.622070312500000000e+00,-4.339028148155525157e-03
2.623046875000000000e+00,-4.288670361487223470e-03
2.624023437500000000e+00,-4.234280319538079145e-03
2.625000000000000000e+00,-4.175909160426768442e-03
2.625976562500000000e+00,-4.113611765362326991e-03
2.626953125000000000e+00,-4.047446707044232740e-03
2.627929687500000000e+00,-3.977476194591705351e-03
2.628906250000000000e+00,-3.903766015054005271e-03
2.629882812500000000e+00,-3.826385471556722345e-03
2.630859375000000000e+00,-3.745407318142211436e-03
2.631835937500000000e+00,-3.660907691365437259e-03
2.632812500000000000e+00,-3.572966038709543719e-03
2.633789062500000000e+00,-3.481665043888452875e-03
2.634765625000000000e+00,-3.387090549106722484e-03
2.635742187500000000e+00,-3.289331474349756462e-03
2.636718750000000000e+00,-3.188479733780251978e-03
2.637695312500000000e+00,-3.084630149319487428e-03
2.638671875000000000e+00,-2.977880361494704420e-03
2.639648437500000000e+00,-2.868330737636403879e-03
2.640625000000000000e+00,-2.756084277511873515e-03
2.641601562500000000e+00,-2.641246516483667772e-03
2.642578125000000000e+00,-2.523925426284092874e-03
2.643554687500000000e+00,-2.404231313498991253e-03
2.644531250000000000e+00,-2.282276715856269844e-03
2.645507812500000000e+00,-2.158176296416685399e-03
2.646484375000000000e+00,-2.032046735766365828e-03
2.647460937500000000e+00,-1.904006622312434194e-03
2.648437500000000000e+00,-1.774176340784877669e-03
2.649414062500000000e+00,-1.642677959049493623e-03
2.650390625000000000e+00,-1.509635113338332483e-03
2.651367187500000000e+00,-1.375172892005546276e-03
2.652343750000000000e+00,-1.239417717917935422e-03
2.653320312500000000e+00,-1.102497229590771333e-03
2.654296875000000000e+00,-9.645401611806539519e-04
2.655273437500000000e+00,-8.256762214482349805e-04
2.656250000000000000e+00,-6.860359718046069337e-04
2.657226562500000000e+00,-5.457507035560216126e-04
2.658203125000000000e+00,-4.049523144623524062e-04
2.659179687500000000e+00,-2.637731847253629055e-04
2.660156250000000000e+00,-1.223460525233777206e-04
2.661132812500000000e+00,1.919611079061997504e-05
2.662109375000000000e+00,1.607202257101242489e-04
2.663085937500000000e+00,3.020932296979294282e-04
2.664062500000000000e+00,4.431822022929985143e-04
2.665039062500000000e+00,5.838544900837495943e-04
2.666015625000000000e+00,7.239778314302598152e-04
2.666992187500000000e+00,8.634204808181214800e-04
2.667968750000000000e+00,1.002051332727030286e-03
2.668945312500000000e+00,1.139740044897645478e-03
2.669921875000000000e+00,1.276357160880822218e-03
2.670898437500000000e+00,1.411774231753995957e-03
2.671875000000000000e+00,1.545863936890279951e-03
2.672851562500000000e+00,1.678500203666725065e-03
2.673828125000000000e+00,1.809558325999193959e-03
2.674804687500000000e+00,1.938915081592399760e-03
2.675781250000000000e+00,2.066448847794870140e-03
2.676757812500000000e+00,2.192039715949908093e-03
2.677734375000000000e+00,2.315569604135037096e-03
2.678710937500000000e+00,2.436922368183929745e-03
2.679687500000000000e+00,2.555983910886436110e-03
2.680664062500000000e+00,2.672642289264042220e-03
2.681640625000000000e+00,2.786787819819896202e-03
2.682617187500000000e+00,2.898313181664443489e-03
2.683593750000000000e+00,3.007113517419714773e-03
2.684570312500000000e+00,3.113086531807389944e-03
2.685546875000000000e+00,3.216132587827951698e-03
2.686523437500000000e+00,3.316154800440491643e-03
2.687500000000000000e+00,3.413059127655098703e-03
2.688476562500000000e+00,3.506754458952175690e-03
2.689453125000000000e+00,3.597152700945558269e-03
2.690429687500000000e+00,3.684168860208889180e-03
2.691406250000000000e+00,3.767721123187378618e-03
2.692382812500000000e+00,3.847730933119811614e-03
2.693359375000000000e+00,3.924123063898483574e-03
2.694335937500000000e+00,3.996825690797617750e-03
2.695312500000000000e+00,4.065770458003767525e-03
2.696289062500000000e+00,4.130892542884707398e-03
2.697265625000000000e+00,4.192130716936386635e-03
2.698242187500000000e+00,4.249427403350648953e-03
2.699218750000000000e+00,4.302728731149579704e-03
2.700195312500000000e+00,4.351984585835598496e-03
2.701171875000000000e+00,4.397148656509661767e-03
2.702148437500000000e+00,4.438178479413282598e-03
2.703125000000000000e+00,4.475035477853426570e-03
2.704101562500000000e+00,4.507684998472741636e-03
2.705078125000000000e+00,4.536096343831032968e-03
2.706054687500000000e+00,4.560242801267330205e-03
2.707031250000000000e+00,4.580101668015430783e-03
2.708007812500000000e+00,4.595654272549289793e-03
2.708984375000000000e+00,4.606885992138195184e-03
2.709960937500000000e+00,4.613786266595219787e-03
2.710937500000000000e+00,4.616348608206029096e-03
2.711914062500000000e+00,4.614570607828698094e-03
2.712890625000000000e+00,4.608453937158815163e-03
2.713867187500000000e+00,4.598004347157735872e-03
2.714843750000000000e+00,4.583231662645464652e-03
2.715820312500000000e+00,4.564149773063249683e-03
2.716796875000000000e+00,4.540776619414578497e-03
2.717773437500000000e+00,4.513134177396847455e-03
2.718750000000000000e+00,4.481248436739567430e-03
2.719726562500000000e+00,4.445149376768532841e-03
2.720703125000000000e+00,4.404870938218930464e-03
2.721679687500000000e+00,4.360450991323881580e-03
2.722656250000000000e+00,4.311931300208432516e-03
2.723632812500000000e+00,4.259357483622461596e-03
2.724609375000000000e+00,4.202778972049427825e-03
2.725585937500000000e+00,4.142248961231282355e-03
2.726562500000000000e+00,4.077824362153244751e-03
2.727539062500000000e+00,4.009565747535463742e-03
2.728515625000000000e+00,3.937537294881879833e-03
2.729492187500000000e+00,3.861806726139823363e-03
2.730468750000000000e+00,3.782445244027092535e-03
2.731445312500000000e+00,3.699527465086371088e-03
2.732421875000000000e+00,3.613131349529929634e-03
2.733398437500000000e+00,3.523338127940573057e-03
2.734375000000000000e+00,3.430232224897748067e-03
2.735351562500000000e+00,3.333901179600620625e-03
2.736328125000000000e+00,3.234435563562753236e-03
2.737304687500000000e+00,3.131928895455766797e-03
2.738281250000000000e+00,3.026477553182051888e-03
2.739257812500000000e+00,2.918180683259199906e-03
2.740234375000000000e+00,2.807140107601350642e-03
2.741210937500000000e+00,2.693460227785103665e-03
2.742187500000000000e+00,2.577247926890001775e-03
2.743164062500000000e+00,2.458612469005878182e-03
2.744140625000000000e+00,2.337665396501552133e-03
2.745117187500000000e+00,2.214520425151459814e-03
2.746093750000000000e+00,2.089293337218826527e-03
2.747070312500000000e+00,1.962101872595903903e-03
2.748046875000000000e+00,1.833065618103620845e-03
2.749023437500000000e+00,1.702305895054732898e-03
2.750000000000000000e+00,1.569945645186182799e-03
2.750976562500000000e+00,1.436109315067921055e-03
2.751953125000000000e+00,1.300922739096864802e-03
2.752929687500000000e+00,1.164513021186007209e-03
2.753906250000000000e+00,1.027008415259913088e-03
2.754882812500000000e+00,8.885382046689620315e-04
2.755859375000000000e+00,7.492325806357129706e-04
2.756835937500000000e+00,6.092225198476776838e-04
2.757812500000000000e+00,4.686396613115915034e-04
2.758789062500000000e+00,3.276161825849642668e-04
2.759765625000000000e+00,1.862846755012793909e-04
2.760742187500000000e+00,4.477802150568683625e-05
2.761718750000000000e+00,-9.677073328160065214e-05
2.762695312500000000e+00,-2.382285031567403359e-04
2.763671875000000000e+00,-3.794622879609092477e-04
2.764648437500000000e+00,-5.203392981285236921e-04
2.765625000000000000e+00,-6.607270795374565412e-04
2.766601562500000000e+00,-8.004936380438668671e-04
2.767578125000000000e+00,-9.395075635845531736e-04
2.768554687500000000e+00,-1.077638153730147005e-03
2.769531250000000000e+00,-1.214755536572982098e-03
2.770507812500000000e+00,-1.350730792834097275e-03
2.771484375000000000e+00,-1.485436077074567349e-03
2.772460937500000000e+00,-1.618744737897198725e-03
2.773437500000000000e+00,-1.750531437025571813e-03
2.774414062500000000e+00,-1.880672267148475116e-03
2.775390625000000000e+00,-2.009044868418927675e-03
2.776367187500000000e+00,-2.135528543498260538e-03
2.777343750000000000e+00,-2.260004371037088559e-03
2.778320312500000000e+00,-2.382355317486477275e-03
2.779296875000000000e+00,-2.502466347134179106e-03
2.780273437500000000e+00,-2.620224530262482351e-03
2.781250000000000000e+00,-2.735519149325979157e-03
2.782226562500000000e+00,-2.848241803049426056e-03
2.783203125000000000e+00,-2.958286508347820944e-03
2.784179687500000000e+00,-3.065549799972871244e-03
2.785156250000000000e+00,-3.169930827792163865e-03
2.786132812500000000e+00,-3.271331451609574108e-03
2.787109375000000000e+00,-3.369656333437763465e-03
2.788085937500000000e+00,-3.464813027136008465e-03
2.789062500000000000e+00,-3.556712065329085092e-03
2.790039062500000000e+00,-3.645267043525482475e-03
2.791015625000000000e+00,-3.730394701355862000e-03
2.791992187500000000e+00,-3.812015000855376295e-03
2.792968750000000000e+00,-3.890051201716248578e-03
2.793945312500000000e+00,-3.964429933439858611e-03
2.794921875000000000e+00,-4.035081264320496304e-03
2.795898437500000000e+00,-4.101938767195923395e-03
2.796875000000000000e+00,-4.164939581902928067e-03
2.797851562500000000e+00,-4.224024474379142573e-03
2.798828125000000000e+00,-4.279137892355565007e-03
2.799804687500000000e+00,-4.330228017587416101e-03
2.800781250000000000e+00,-4.377246814574226215e-03
2.801757812500000000e+00,-4.420150075723342821e-03
2.802734375000000000e+00,-4.458897462914399382e-03
2.803710937500000000e+00,-4.493452545425659708e-03
2.804687500000000000e+00,-4.523782834186587491e-03
2.805664062500000000e+00,-4.549859812324428925e-03
2.806640625000000000e+00,-4.571658961976090077e-03
2.807617187500000000e+00,-4.589159787340105212e-03
2.808593750000000000e+00,-4.602345833947014617e-03
2.809570312500000000e+00,-4.611204704130037954e-03
2.810546875000000000e+00,-4.615728068681499222e-03
2.811523437500000000e+00,-4.615911674684038991e-03
2.812500000000000000e+00,-4.611755349509254372e-03
2.813476562500000000e+00,-4.603263000980005806e-03
2.814453125000000000e+00,-4.590442613696239793e-03
2.815429687500000000e+00,-4.573306241527777885e-03
2.816406250000000000e+00,-4.551869996281138371e-03
2.817382812500000000e+00,-4.526154032551034899e-03
2.818359375000000000e+00,-4.496182528770803662e-03
2.819335937500000000e+00,-4.461983664479574757e-03
2.820312500000000000e+00,-4.423589593827557780e-03
2.821289062500000000e+00,-4.381036415344352272e-03
2.822265625000000000e+00,-4.334364137998714291e-03
2.823242187500000000e+00,-4.283616643581680643e-03
2.824218750000000000e+00,-4.228841645448421817e-03
2.825195312500000000e+00,-4.170090643657620687e-03
2.826171875000000000e+00,-4.107418876550546390e-03
2.827148437500000000e+00,-4.040885268815358131e-03
2.828125000000000000e+00,-3.970552376085457504e-03
2.829101562500000000e+00,-3.896486326123995217e-03
2.830078125000000000e+00,-3.818756756649813525e-03
2.831054687500000000e+00,-3.737436749863295386e-03
2.832031250000000000e+00,-3.652602763733671376e-03
2.833007812500000000e+00,-3.564334560112391529e-03
2.833984375000000000e+00,-3.472715129740151264e-03
2.834960937500000000e+00,-3.377830614218079678e-03
2.835937500000000000e+00,-3.279770225016453815e-03
2.836914062500000000e+00,-3.178626159597088517e-03
2.837890625000000000e+00,-3.074493514728263675e-03
2.838867187500000000e+00,-2.967470197073691397e-03
2.839843750000000000e+00,-2.857656831139588662e-03
2.840820312500000000e+00,-2.745156664666404279e-03
2.841796875000000000e+00,-2.630075471554152011e-03
2.842773437500000000e+00,-2.512521452412621020e-03
2.843750000000000000e+00,-2.392605132829966116e-03
2.844726562500000000e+00,-2.270439259455328714e-03
2.845703125000000000e+00,-2.146138693993189864e-03
2.846679687500000000e+00,-2.019820305209127798e-03
2.847656250000000000e+00,-1.891602859048510969e-03
2.848632812500000000e+00,-1.761606906971444975e-03
2.849609375000000000e+00,-1.629954672608956243e-03
2.850585937500000000e+00,-1.496769936846983678e-03
2.851562500000000000e+00,-1.362177921446221197e-03
2.852539062500000000e+00,-1.226305171307234690e-03
2.853515625000000000e+00,-1.089279435491546976e-03
2.854492187500000000e+00,-9.512295471105589473e-04
2.855468750000000000e+00,-8.122853021952335106e-04
2.856445312500000000e+00,-6.725773376604331916e-04
2.857421875000000000e+00,-5.322370084786481968e-04
2.858398437500000000e+00,-3.913962641785999124e-04
2.859375000000000000e+00,-2.501875247848351844e-04
2.860351562500000000e+00,-1.087435563149556758e-04
2.861328125000000000e+00,3.280265404845947763e-05
2.862304687500000000e+00,1.743180229938725873e-04
2.863281250000000000e+00,3.156694962071879989e-04
2.864257812500000000e+00,4.567241734708888442e-04
2.865234375000000000e+00,5.973494336182906365e-04
2.866210937500000000e+00,7.374130592254279698e-04
2.867187500000000000e+00,8.767833609233381025e-04
2.868164062500000000e+00,1.015329301213861073e-03
2.869140625000000000e+00,1.152920617672544175e-03
2.870117187500000000e+00,1.289427945422813278e-03
2.871093750000000000e+00,1.424722938766258967e-03
2.872070312500000000e+00,1.558678391854681922e-03
2.873046875000000000e+00,1.691168358290436654e-03
2.874023437500000000e+00,1.822068269542627189e-03
2.875000000000000000e+00,1.951255052067816034e-03
2.875976562500000000e+00,2.078607243025130946e-03
2.876953125000000000e+00,2.204005104476970244e-03
2.877929687500000000e+00,2.327330735967934883e-03
2.878906250000000000e+00,2.448468185376139871e-03
2.879882812500000000e+00,2.567303557932680905e-03
2.880859375000000000e+00,2.683725123306755951e-03
2.881835937500000000e+00,2.797623420655756272e-03
2.882812500000000000e+00,2.908891361541560399e-03
2.883789062500000000e+00,3.017424330616268191e-03
2.884765625000000000e+00,3.123120283982706337e-03
2.885742187500000000e+00,3.225879845137229369e-03
2.886718750000000000e+00,3.325606398404605795e-03
2.887695312500000000e+00,3.422206179777145547e-03
2.888671875000000000e+00,3.515588365072654011e-03
2.889648437500000000e+00,3.605665155328334481e-03
2.890625000000000000e+00,3.692351859350341287e-03
2.891601562500000000e+00,3.775566973341378148e-03
2.892578125000000000e+00,3.855232257531468476e-03
2.893554687500000000e+00,3.931272809739851971e-03
2.894531250000000000e+00,4.003617135798841903e-03
2.895507812500000000e+00,4.072197216773434762e-03
2.896484375000000000e+00,4.136948572913461131e-03
2.897460937500000000e+00,4.197810324278162218e-03
2.898437500000000000e+00,4.254725247976182123e-03
2.899414062500000000e+00,4.307639831967162089e-03
2.900390625000000000e+00,4.356504325374353087e-03
2.901367187500000000e+00,4.401272785260939950e-03
2.902343750000000000e+00,4.441903119826100081e-03
2.903320312500000000e+00,4.478357127980175587e-03
2.904296875000000000e+00,4.510600535261764625e-03
2.905273437500000000e+00,4.538603026062946501e-03
2.906250000000000000e+00,4.562338272132350492e-03
2.907226562500000000e+00,4.581783957329271274e-03
2.908203125000000000e+00,4.596921798605549218e-03
2.909179687500000000e+00,4.607737563195495219e-03
2.910156250000000000e+00,4.614221081997694172e-03
2.911132812500000000e+00,4.616366259136106022e-03
2.912109375000000000e+00,4.614171077691476761e-03
2.913085937500000000e+00,4.607637601597667013e-03
2.914062500000000000e+00,4.596771973701119229e-03
2.915039062500000000e+00,4.581584409985285829e-03
2.916015625000000000e+00,4.562089189965447961e-03
2.916992187500000000e+00,4.538304643262958474e-03
2.917968750000000000e+00,4.510253132371528327e-03
2.918945312500000000e+00,4.477961031631763102e-03
2.919921875000000000e+00,4.441458702433716786e-03
2.920898437500000000e+00,4.400780464670775785e-03
2.921875000000000000e+00,4.355964564471718863e-03
2.922851562500000000e+00,4.307053138241280325e-03
2.923828125000000000e+00,4.254092173043040083e-03
2.924804687500000000e+00,4.197131463361874690e-03
2.925781250000000000e+00,4.136224564286635624e-03
2.926757812500000000e+00,4.071428741157061271e-03
2.927734375000000000e+00,4.002804915722270145e-03
2.928710937500000000e+00,3.930417608861461534e-03
2.929687500000000000e+00,3.854334879920670674e-03
2.930664062500000000e+00,3.774628262722618324e-03
2.931640625000000000e+00,3.691372698309821048e-03
2.932617187500000000e+00,3.604646464484194575e-03
2.933593750000000000e+00,3.514531102209398922e-03
2.934570312500000000e+00,3.421111338945123388e-03
2.935546875000000000e+00,3.324475008985392204e-03
2.936523437500000000e+00,3.224712970875790591e-03
2.937500000000000000e+00,3.121919021987255675e-03
2.938476562500000000e+00,3.016189810326751729e-03
2.939453125000000000e+00,2.907624743667745152e-03
2.940429687500000000e+00,2.796325896085918687e-03
2.941406250000000000e+00,2.682397911987995098e-03
2.942382812500000000e+00,2.565947907723911074e-03
2.943359375000000000e+00,2.447085370874839839e-03
2.944335937500000000e+00,2.325922057311757569e-03
2.945312500000000000e+00,2.202571886121338154e-03
2.946289062500000000e+00,2.077150832497968828e-03
2.947265625000000000e+00,1.949776818702590817e-03
2.948242187500000000e+00,1.820569603190885441e-03
2.949218750000000000e+00,1.689650668015050617e-03
2.950195312500000000e+00,1.557143104605032951e-03
2.951171875000000000e+00,1.423171498036604130e-03
2.952148437500000000e+00,1.287861809895096254e-03
2.953125000000000000e+00,1.151341259844926562e-03
2.954101562500000000e+00,1.013738206016262782e-03
2.955078125000000000e+00,8.751820243212903808e-04
2.956054687500000000e+00,7.358029868135501726e-04
2.957031250000000000e+00,5.957321392047132619e-04
2.958007812500000000e+00,4.551011776539545003e-04
2.958984375000000000e+00,3.140423249457681551e-04
2.959960937500000000e+00,1.726882061726443026e-04
2.960937500000000000e+00,3.117172403949085529e-05
2.961914062500000000e+00,-1.103740660929585773e-04
2.962890625000000000e+00,-2.518160813082655431e-04
2.963867187500000000e+00,-3.930213362603157245e-04
2.964843750000000000e+00,-5.338570682076114286e-04
2.965820312500000000e+00,-6.741908618382683616e-04
2.966796875000000000e+00,-8.138907737683560850e-04
2.967773437500000000e+00,-9.528254565965251551e-04
2.968750000000000000e+00,-1.090864282398286379e-03
2.969726562500000000e+00,-1.227877465543829229e-03
2.970703125000000000e+00,-1.363736184723904950e-03
2.971679687500000000e+00,-1.498312704069046245e-03
2.972656250000000000e+00,-1.631480493248243287e-03
2.973632812500000000e+00,-1.763114346434159225e-03
2.974609375000000000e+00,-1.893090500023033446e-03
2.975585937500000000e+00,-2.021286748998589889e-03
2.976562500000000000e+00,-2.147582561830543336e-03
2.977539062500000000e+00,-2.271859193799677466e-03
2.978515625000000000e+00,-2.393999798642941663e-03
2.979492187500000000e+00,-2.513889538413599783e-03
2.980468750000000000e+00,-2.631415691453136297e-03
2.981445312500000000e+00,-2.746467758373406006e-03
2.982421875000000000e+00,-2.858937565949380439e-03
2.983398437500000000e+00,-2.968719368824808240e-03
2.984375000000000000e+00,-3.075709948935169847e-03
2.985351562500000000e+00,-3.179808712554441780e-03
2.986328125000000000e+00,-3.280917784874429720e-03
2.987304687500000000e+00,-3.378942102027744990e-03
2.988281250000000000e+00,-3.473789500467903794e-03
2.989257812500000000e+00,-3.565370803622511416e-03
2.990234375000000000e+00,-3.653599905738063106e-03
2.991210937500000000e+00,-3.738393852837523269e-03
2.992187500000000000e+00,-3.819672920714572810e-03
2.993164062500000000e+00,-3.897360689891188768e-03
2.994140625000000000e+00,-3.971384117468082682e-03
2.995117187500000000e+00,-4.041673605800440161e-03
2.996093750000000000e+00,-4.108163067934399171e-03
2.997070312500000000e+00,-4.170789989742730748e-03
2.998046875000000000e+00,-4.229495488701314442e-03
2.999023437500000000e+00,-4.284224369251138885e-03
3.000000000000000000e+00,-4.334925174693774960e-03
3.000976562500000000e+00,-4.381550235571533315e-03
3.001953125000000000e+00,-4.424055714486814853e-03
3.002929687500000000e+00,-4.462401647318517753e-03
3.003906250000000000e+00,-4.496551980796743841e-03
3.004882812500000000e+00,-4.526474606400483595e-03
3.005859375000000000e+00,-4.552141390546400775e-03
3.006835937500000000e+00,-4.573528201040339206e-03
3.007812500000000000e+00,-4.590614929766679252e-03
3.008789062500000000e+00,-4.603385511594208605e-03
3.009765625000000000e+00,-4.611827939480736896e-03
3.010742187500000000e+00,-4.615934275762251064e-03
3.011718750000000000e+00,-4.615700659615992393e-03
3.012695312500000000e+00,-4.611127310690446048e-03
3.013671875000000000e+00,-4.602218528898825711e-03
3.014648437500000000e+00,-4.588982690376245885e-03
3.015625000000000000e+00,-4.571432239604387819e-03
3.016601562500000000e+00,-4.549583677711061154e-03
3.017578125000000000e+00,-4.523457546955661143e-03
3.018554687500000000e+00,-4.493078411415107887e-03
3.019531250000000000e+00,-4.458474833888430126e-03
3.020507812500000000e+00,-4.419679349041707138e-03
3.021484375000000000e+00,-4.376728432818614151e-03
3.022460937500000000e+00,-4.329662468145339081e-03
3.023437500000000000e+00,-4.278525706962106948e-03
3.024414062500000000e+00,-4.223366228617017777e-03
3.025390625000000000e+00,-4.164235894661311686e-03
3.026367187500000000e+00,-4.101190300088565326e-03
3.027343750000000000e+00,-4.034288721063664096e-03
3.028320312500000000e+00,-3.963594059190697454e-03
3.029296875000000000e+00,-3.889172782372173759e-03
3.030273437500000000e+00,-3.811094862315166001e-03
3.031250000000000000e+00,-3.729433708743137409e-03
3.032226562500000000e+00,-3.644266100375309365e-03
3.033203125000000000e+00,-3.555672112738459800e-03
3.034179687500000000e+00,-3.463735042879028791e-03
3.035156250000000000e+00,-3.368541331046314563e-03
3.036132812500000000e+00,-3.270180479420394578e-03
3.037109375000000000e+00,-3.168744967961188447e-03
3.038085937500000000e+00,-3.064330167457775603e-03
3.039062500000000000e+00,-2.957034249859726537e-03
3.040039062500000000e+00,-2.846958095974749543e-03
3.041015625000000000e+00,-2.734205200619441601e-03
3.041992187500000000e+00,-2.618881575312316436e-03
3.042968750000000000e+00,-2.501095648600603835e-03
3.043945312500000000e+00,-2.380958164114530852e-03
3.044921875000000000e+00,-2.258582076444936616e-03
3.045898437500000000e+00,-2.134082444942117691e-03
3.046875000000000000e+00,-2.007576325535755102e-03
3.047851562500000000e+00,-1.879182660677634420e-03
3.048828125000000000e+00,-1.749022167510639290e-03
3.049804687500000000e+00,-1.617217224369158456e-03
3.050781250000000000e+00,-1.483891755717623448e-03
3.051757812500000000e+00,-1.349171115635357330e-03
3.052734375000000000e+00,-1.213181969957283571e-03
3.053710937500000000e+00,-1.076052177181308122e-03
3.054687500000000000e+00,-9.379106682543463056e-04
3.055664062500000000e+00,-7.988873253500213076e-04
3.056640625000000000e+00,-6.591128597520092783e-04
3.057617187500000000e+00,-5.187186889578452448e-04
3.058593750000000000e+00,-3.778368131187394329e-04
3.059570312500000000e+00,-2.365996909315762104e-04
3.060546875000000000e+00,-9.514011509978293596e-05
3.061523437500000000e+00,4.640891251983750450e-05
3.062500000000000000e+00,1.879143059669225780e-04
3.063476562500000000e+00,3.292430203064411042e-04
3.064453125000000000e+00,4.702621767190117569e-04
3.065429687500000000e+00,6.108391874350378248e-04
3.066406250000000000e+00,7.508418803951937351e-04
3.067382812500000000e+00,8.901386235200560697e-04
3.068359375000000000e+00,1.028598448472039812e-03
3.069335937500000000e+00,1.166091173793276821e-03
3.070312500000000000e+00,1.302487527303661415e-03
3.071289062500000000e+00,1.437659267643983134e-03
3.072265625000000000e+00,1.571479304849870366e-03
3.073242187500000000e+00,1.703821819843179134e-03
3.074218750000000000e+00,1.834562382728481371e-03
3.075195312500000000e+00,1.963578069783427846e-03
3.076171875000000000e+00,2.090747579032991264e-03
3.077148437500000000e+00,2.215951344298922997e-03
3.078125000000000000e+00,2.339071647617195840e-03
3.079101562500000000e+00,2.459992729917735450e-03
3.080078125000000000e+00,2.578600899862376790e-03
3.081054687500000000e+00,2.694784640738717707e-03
3.082031250000000000e+00,2.808434715309364102e-03
3.083007812500000000e+00,2.919444268517987565e-03
3.083984375000000000e+00,3.027708927955631655e-03
3.084960937500000000e+00,3.133126901992803331e-03
3.085937500000000000e+00,3.235599075485088259e-03
3.086914062500000000e+00,3.335029102962306421e-03
3.087890625000000000e+00,3.431323499213586280e-03
3.088867187500000000e+00,3.524391727183194285e-03
3.089843750000000000e+00,3.614146283094475751e-03
3.090820312500000000e+00,3.700502778721872620e-03
3.091796875000000000e+00,3.783380020733665035e-03
3.092773437500000000e+00,3.862700087030840595e-03
3.093750000000000000e+00,3.938388400010312332e-03
3.094726562500000000e+00,4.010373796683605607e-03
3.095703125000000000e+00,4.078588595585086636e-03
3.096679687500000000e+00,4.142968660406825057e-03
3.097656250000000000e+00,4.203453460300258203e-03
3.098632812500000000e+00,4.259986126787965004e-03
3.099609375000000000e+00,4.312513507232038079e-03
3.100585937500000000e+00,4.360986214808778259e-03
3.101562500000000000e+00,4.405358674942734358e-03
3.102539062500000000e+00,4.445589168156424340e-03
3.103515625000000000e+00,4.481639869295444591e-03
3.104492187500000000e+00,4.513476883092103556e-03
3.105468750000000000e+00,4.541070276034122125e-03
3.106445312500000000e+00,4.564394104508456840e-03
3.107421875000000000e+00,4.583426439193768846e-03
3.108398437500000000e+00,4.598149385678615073e-03
3.109375000000000000e+00,4.608549101285971776e-03
3.110351562500000000e+00,4.614615808088273242e-03
3.111328125000000000e+00,4.616343802100726298e-03
3.112304687500000000e+00,4.613731458644259979e-03
3.113281250000000000e+00,4.606781233873067510e-03
3.114257812500000000e+00,4.595499662465300783e-03
3.115234375000000000e+00,4.579897351479097871e-03
3.116210937500000000e+00,4.559988970379705471e-03
3.117187500000000000e+00,4.535793237247087197e-03
3.118164062500000000e+00,4.507332901176979573e-03
3.119140625000000000e+00,4.474634720891937194e-03
3.120117187500000000e+00,4.437729439582489832e-03
3.121093750000000000e+00,4.396651756002051444e-03
3.122070312500000000e+00,4.351440291842771126e-03
3.123046875000000000e+00,4.302137555422990735e-03
3.124023437500000000e+00,4.248789901720452858e-03
3.125000000000000000e+00,4.191447488788840187e-03
3.125976562500000000e+00,4.130164230598616995e-03
3.126953125000000000e+00,4.064997746346520925e-03
3.127929687500000000e+00,3.996009306281354465e-03
3.128906250000000000e+00,3.923263774097020609e-03
3.129882812500000000e+00,3.846829545946963379e-03
3.130859375000000000e+00,3.766778486137344496e-03
3.131835937500000000e+00,3.683185859559430855e-03
3.132812500000000000e+00,3.596130260924710990e-03
3.133789062500000000e+00,3.505693540869278882e-03
3.134765625000000000e+00,3.411960728996961227e-03
3.135742187500000000e+00,3.315019953933543047e-03
3.136718750000000000e+00,3.214962360467261537e-03
3.137695312500000000e+00,3.111882023853466787e-03
3.138671875000000000e+00,3.005875861364027714e-03
3.139648437500000000e+00,2.897043541164642366e-03
3.140625000000000000e+00,2.785487388605725843e-03
3.141601562500000000e+00,2.671312290014985023e-03
3.142578125000000000e+00,2.554625594082134653e-03
3.143554687500000000e+00,2.435537010928471875e-03
3.144531250000000000e+00,2.314158508956207227e-03
3.145507812500000000e+00,2.190604209574536620e-03
3.146484375000000000e+00,2.064990279901429780e-03
3.147460937500000000e+00,1.937434823542022368e-03
3.148437500000000000e+00,1.808057769546301098e-03
3.149414062500000000e+00,1.676980759650484668e-03
3.150390625000000000e+00,1.544327033908119871e-03
3.151367187500000000e+00,1.410221314818420162e-03
3.152343750000000000e+00,1.274789690060793576e-03
3.153320312500000000e+00,1.138159493945812770e-03
3.154296875000000000e+00,1.000459187694088987e-03
3.155273437500000000e+00,8.618182386556125056e-04
3.156250000000000000e+00,7.223669985831186486e-04
3.157226562500000000e+00,5.822365810739295062e-04
3.158203125000000000e+00,4.415587382955004627e-04
3.159179687500000000e+00,3.004657371105758415e-04
3.160156250000000000e+00,1.590902347184226730e-04
3.161132812500000000e+00,1.756515392906560528e-05
3.162109375000000000e+00,-1.239764418122082717e-04
3.163085937500000000e+00,-2.654014735325715686e-04
3.164062500000000000e+00,-4.065769718539776834e-04
3.165039062500000000e+00,-5.473702020124401272e-04
3.166015625000000000e+00,-6.876487886567242500e-04
3.166992187500000000e+00,-8.272808403091161345e-04
3.167968750000000000e+00,-9.661350733712475731e-04
3.168945312500000000e+00,-1.104080935558386526e-03
3.169921875000000000e+00,-1.240988728646138161e-03
3.170898437500000000e+00,-1.376729730414148799e-03
3.171875000000000000e+00,-1.511176315672160863e-03
3.172851562500000000e+00,-1.644202076254626952e-03
3.173828125000000000e+00,-1.775681939871064530e-03
3.174804687500000000e+00,-1.905492287700405983e-03
3.175781250000000000e+00,-2.033511070618780354e-03
3.176757812500000000e+00,-2.159617923951449164e-03
3.177734375000000000e+00,-2.283694280641002800e-03
3.178710937500000000e+00,-2.405623482725420363e-03
3.179687500000000000e+00,-2.525290891021173423e-03
3.180664062500000000e+00,-2.642583992908253878e-03
3.181640625000000000e+00,-2.757392508115783826e-03
3.182617187500000000e+00,-2.869608492408743609e-03
3.183593750000000000e+00,-2.979126439078336533e-03
3.184570312500000000e+00,-3.085843378140561404e-03
3.185546875000000000e+00,-3.189658973149729800e-03
3.186523437500000000e+00,-3.290475615535902367e-03
3.187500000000000000e+00,-3.388198516377543407e-03
3.188476562500000000e+00,-3.482735795523114221e-03
3.189453125000000000e+00,-3.573998567977806386e-03
3.190429687500000000e+00,-3.661901027474196921e-03
3.191406250000000000e+00,-3.746360527148248892e-03
3.192382812500000000e+00,-3.827297657244806226e-03
3.193359375000000000e+00,-3.904636319779523999e-03
3.194335937500000000e+00,-3.978303800087033826e-03
3.195312500000000000e+00,-4.048230835188076568e-03
3.196289062500000000e+00,-4.114351678911320857e-03
3.197265625000000000e+00,-4.176604163708639086e-03
3.198242187500000000e+00,-4.234929759105725451e-03
3.199218750000000000e+00,-4.289273626733093071e-03
3.200195312500000000e+00,-4.339584671885715096e-03
3.201171875000000000e+00,-4.385815591562832079e-03
3.202148437500000000e+00,-4.427922918942756025e-03
3.203125000000000000e+00,-4.465867064250855605e-03
3.204101562500000000e+00,-4.499612351982301868e-03
3.205078125000000000e+00,-4.529127054444569492e-03
3.206054687500000000e+00,-4.554383421588166676e-03
3.207031250000000000e+00,-4.575357707097537155e-03
3.208007812500000000e+00,-4.592030190717607055e-03
3.208984375000000000e+00,-4.604385196794989928e-03
3.209960937500000000e+00,-4.612411109016406434e-03
3.210937500000000000e+00,-4.616100381330472124e-03
3.211914062500000000e+00,-4.615449545042577678e-03
3.212890625000000000e+00,-4.610459212076195058e-03
3.213867187500000000e+00,-4.601134074397538257e-03
3.214843750000000000e+00,-4.587482899604126800e-03
3.215820312500000000e+00,-4.569518522681392803e-03
3.216796875000000000e+00,-4.547257833935084911e-03
3.217773437500000000e+00,-4.520721763110816839e-03
3.218750000000000000e+00,-4.489935259715690380e-03
3.219726562500000000e+00,-4.454927269560492002e-03
3.220703125000000000e+00,-4.415730707544520892e-03
3.221679687500000000e+00,-4.372382426708638220e-03
3.222656250000000000e+00,-4.324923183585629820e-03
3.223632812500000000e+00,-4.273397599880463839e-03
3.224609375000000000e+00,-4.217854120516470115e-03
3.225585937500000000e+00,-4.158344968086888881e-03
3.226562500000000000e+00,-4.094926093754610447e-03
3.227539062500000000e+00,-4.027657124646273797e-03
3.228515625000000000e+00,-3.956601307790182792e-03
3.229492187500000000e+00,-3.881825450650750430e-03
3.230468750000000000e+00,-3.803399858315384321e-03
3.231445312500000000e+00,-3.721398267392863821e-03
3.232421875000000000e+00,-3.635897776685367844e-03
3.233398437500000000e+00,-3.546978774699327368e-03
3.234375000000000000e+00,-3.454724864063263377e-03
3.235351562500000000e+00,-3.359222782923671890e-03
3.236328125000000000e+00,-3.260562323392859202e-03
3.237304687500000000e+00,-3.158836247125406012e-03
3.238281250000000000e+00,-3.054140198102634016e-03
3.239257812500000000e+00,-2.946572612707077949e-03
3.240234375000000000e+00,-2.836234627171510016e-03
3.241210937500000000e+00,-2.723229982489536530e-03
3.242187500000000000e+00,-2.607664926877168755e-03
3.243164062500000000e+00,-2.489648115877075851e-03
3.244140625000000000e+00,-2.369290510199443048e-03
3.245117187500000000e+00,-2.246705271395484527e-03
3.246093750000000000e+00,-2.122007655461702683e-03
3.247070312500000000e+00,-1.995314904474926581e-03
3.248046875000000000e+00,-1.866746136360015150e-03
3.249023437500000000e+00,-1.736422232893867221e-03
3.250000000000000000e+00,-1.604465726051038967e-03
3.250976562500000000e+00,-1.471000682797827478e-03
3.251953125000000000e+00,-1.336152588443136838e-03
3.252929687500000000e+00,-1.200048228655804360e-03
3.253906250000000000e+00,-1.062815570259313018e-03
3.254882812500000000e+00,-9.245836409159697991e-04
3.255859375000000000e+00,-7.854824078136709610e-04
3.256835937500000000e+00,-6.456426554693158511e-04
3.257812500000000000e+00,-5.051958627637583889e-04
3.258789062500000000e+00,-3.642740793239096801e-04
3.259765625000000000e+00,-2.230098013682196183e-04
3.260742187500000000e+00,-8.153584713226763852e-05
3.261718750000000000e+00,6.001476800841050105e-05
3.262695312500000000e+00,2.015089566008490801e-04
3.263671875000000000e+00,3.428136842449467530e-04
3.264648437500000000e+00,4.837960946738799426e-04
3.265625000000000000e+00,6.243236346670334247e-04
3.266601562500000000e+00,7.642641786780035584e-04
3.267578125000000000e+00,9.034861530604974388e-04
3.268554687500000000e+00,1.041858659775329529e-03
3.269531250000000000e+00,1.179251599462204786e-03
3.270507812500000000e+00,1.315535793760575336e-03
3.271484375000000000e+00,1.450583106764563200e-03
3.272460937500000000e+00,1.584266565497754716e-03
3.273437500000000000e+00,1.716460479294597014e-03
3.274414062500000000e+00,1.847040557976150840e-03
3.275390625000000000e+00,1.975884028709090461e-03
3.276367187500000000e+00,2.102869751438079127e-03
3.277343750000000000e+00,2.227878332782987341e-03
3.278320312500000000e+00,2.350792238293869432e-03
3.279296875000000000e+00,2.471495902958151594e-03
3.280273437500000000e+00,2.589875839856135321e-03
3.281250000000000000e+00,2.705820746862652292e-03
3.282226562500000000e+00,2.819221611294553398e-03
3.283203125000000000e+00,2.929971812405638820e-03
3.284179687500000000e+00,3.037967221632661800e-03
3.285156250000000000e+00,3.143106300498154249e-03
3.286132812500000000e+00,3.245290196078026278e-03
3.287109375000000000e+00,3.344422833944178143e-03
3.288085937500000000e+00,3.440411008494738323e-03
3.289062500000000000e+00,3.533164470587002622e-03
3.290039062500000000e+00,3.622596012390673619e-03
3.291015625000000000e+00,3.708621549381628350e-03
3.291992187500000000e+00,3.791160199399115725e-03
3.292968750000000000e+00,3.870134358692059896e-03
3.293945312500000000e+00,3.945469774882963410e-03
3.294921875000000000e+00,4.017095616780813963e-03
3.295898437500000000e+00,4.084944540977352399e-03
3.296875000000000000e+00,4.148952755164090136e-03
3.297851562500000000e+00,4.209060078110542918e-03
3.298828125000000000e+00,4.265209996247287631e-03
3.299804687500000000e+00,4.317349716800647323e-03
3.300781250000000000e+00,4.365430217429038320e-03
3.301757812500000000e+00,4.409406292314317979e-03
3.302734375000000000e+00,4.449236594664796214e-03
3.303710937500000000e+00,4.484883675589943636e-03
3.304687500000000000e+00,4.516314019310254356e-03
3.305664062500000000e+00,4.543498074669151052e-03
3.306640625000000000e+00,4.566410282917311020e-03
3.307617187500000000e+00,4.585029101743281349e-03
3.308593750000000000e+00,4.599337025527801444e-03
3.309570312500000000e+00,4.609320601802778701e-03
3.310546875000000000e+00,4.614970443899447071e-03
3.311523437500000000e+00,4.616281239773817845e-03
3.312500000000000000e+00,4.613251757001120279e-03
3.313476562500000000e+00,4.605884843934543969e-03
3.314453125000000000e+00,4.594187427027183156e-03
3.315429687500000000e+00,4.578170504319709587e-03
3.316406250000000000e+00,4.557849135099894047e-03
3.317382812500000000e+00,4.533242425743696201e-03
3.318359375000000000e+00,4.504373511751240226e-03
3.319335937500000000e+00,4.471269535994560305e-03
3.320312500000000000e+00,4.433961623197572692e-03
3.321289062500000000e+00,4.392484850672267321e-03
3.322265625000000000e+00,4.346878215338629940e-03
3.323242187500000000e+00,4.297184597059308143e-03
3.324218750000000000e+00,4.243450718323490273e-03
3.325195312500000000e+00,4.185727100317903487e-03
3.326171875000000000e+00,4.124068015426237375e-03
3.327148437500000000e+00,4.058531436201646622e-03
3.328125000000000000e+00,3.989178980860318656e-03
3.329101562500000000e+00,3.916075855347342198e-03
3.330078125000000000e+00,3.839290792029360910e-03
3.331054687500000000e+00,3.758895985071639655e-03
3.332031250000000000e+00,3.674967022560312897e-03
3.333007812500000000e+00,3.587582815433631393e-03
3.333984375000000000e+00,3.496825523289025239e-03
3.334960937500000000e+00,3.402780477135741721e-03
3.335937500000000000e+00,3.305536099165688659e-03
3.336914062500000000e+00,3.205183819617911205e-03
3.337890625000000000e+00,3.101817990814870456e-03
3.338867187500000000e+00,2.995535798451347265e-03
3.339843750000000000e+00,2.886437170219377166e-03
3.340820312500000000e+00,2.774624681855131225e-03
3.341796875000000000e+00,2.660203460696073611e-03
3.342773437500000000e+00,2.543281086839077696e-03
3.343750000000000000e+00,2.423967491992428964e-03
3.344726562500000000e+00,2.302374856116819191e-03
3.345703125000000000e+00,2.178617501952506350e-03
3.346679687500000000e+00,2.052811787531810903e-03
3.347656250000000000e+00,1.925075996778007840e-03
3.348632812500000000e+00,1.795530228293474011e-03
3.349609375000000000e+00,1.664296282441655138e-03
3.350585937500000000e+00,1.531497546829017550e-03
3.351562500000000000e+00,1.397258880294657444e-03
3.352539062500000000e+00,1.261706495516639248e-03
3.353515625000000000e+00,1.124967840345440957e-03
3.354492187500000000e+00,9.871714779760771327e-04
3.355468750000000000e+00,8.484469660715606267e-04
3.356445312500000000e+00,7.089247349513568171e-04
3.357421875000000000e+00,5.687359649593549428e-04
3.358398437500000000e+00,4.280124631266590601e-04
3.359375000000000000e+00,2.868865392451604374e-04
3.360351562500000000e+00,1.454908814684088348e-04
3.361328125000000000e+00,3.958431556743660824e-06
3.362304687500000000e+00,-1.375777401160183588e-04
3.363281250000000000e+00,-2.789845596768195622e-04
3.364257812500000000e+00,-4.201290748708877984e-04
3.365234375000000000e+00,-5.608785800649157029e-04
3.366210937500000000e+00,-7.011007410183643651e-04
3.367187500000000000e+00,-8.406637193055785991e-04
3.368164062500000000e+00,-9.794362962717323862e-04
3.369140625000000000e+00,-1.117287996406058151e-03
3.370117187500000000e+00,-1.254089210016364440e-03
3.371093750000000000e+00,-1.389711315089501220e-03
3.372070312500000000e+00,-1.524026798223198200e-03
3.373046875000000000e+00,-1.656909374515575049e-03
3.374023437500000000e+00,-1.788234106299602241e-03
3.375000000000000000e+00,-1.917877520610876147e-03
3.375976562500000000e+00,-2.045717725278265245e-03
3.376953125000000000e+00,-2.171634523528277131e-03
3.377929687500000000e+00,-2.295509526995392902e-03
3.378906250000000000e+00,-2.417226267032117088e-03
3.379882812500000000e+00,-2.536670304214087499e-03
3.380859375000000000e+00,-2.653729335937287607e-03
3.381835937500000000e+00,-2.768293302006194587e-03
3.382812500000000000e+00,-2.880254488113593442e-03
3.383789062500000000e+00,-2.989507627114758315e-03
3.384765625000000000e+00,-3.095949998000785495e-03
3.385742187500000000e+00,-3.199481522478021464e-03
3.386718750000000000e+00,-3.300004859062781459e-03
3.387695312500000000e+00,-3.397425494602887217e-03
3.388671875000000000e+00,-3.491651833139978144e-03
3.389648437500000000e+00,-3.582595282029043399e-03
3.390625000000000000e+00,-3.670170335234206656e-03
3.391601562500000000e+00,-3.754294653722445134e-03
3.392578125000000000e+00,-3.834889142879660106e-03
3.393554687500000000e+00,-3.911878026876305578e-03
3.394531250000000000e+00,-3.985188919912661422e-03
3.395507812500000000e+00,-4.054752894276762894e-03
3.396484375000000000e+00,-4.120504545150996921e-03
3.397460937500000000e+00,-4.182382052106434732e-03
3.398437500000000000e+00,-4.240327237227082061e-03
3.399414062500000000e+00,-4.294285619809399233e-03
3.400390625000000000e+00,-4.344206467585661792e-03
3.401367187500000000e+00,-4.390042844422996186e-03
3.402343750000000000e+00,-4.431751654453254009e-03
3.403320312500000000e+00,-4.469293682592222379e-03
3.404296875000000000e+00,-4.502633631410078545e-03
3.405273437500000000e+00,-4.531740154318426340e-03
3.406250000000000000e+00,-4.556585885042702469e-03
3.407226562500000000e+00,-4.577147463352250825e-03
3.408203125000000000e+00,-4.593405557023869795e-03
3.409179687500000000e+00,-4.605344880018183255e-03
3.410156250000000000e+00,-4.612954206851743039e-03
3.411132812500000000e+00,-4.616226383151350240e-03
3.412109375000000000e+00,-4.615158332380680552e-03
3.413085937500000000e+00,-4.609751058732874072e-03
3.414062500000000000e+00,-4.600009646186382570e-03
3.415039062500000000e+00,-4.585943253724958021e-03
3.416015625000000000e+00,-4.567565106726273645e-03
3.416992187500000000e+00,-4.544892484527278571e-03
3.417968750000000000e+00,-4.517946704177972991e-03
3.418945312500000000e+00,-4.486753100398882359e-03
3.419921875000000000e+00,-4.451341001761074945e-03
3.420898437500000000e+00,-4.411743703111112823e-03
3.421875000000000000e+00,-4.367998434266869533e-03
3.422851562500000000e+00,-4.320146325013645740e-03
3.423828125000000000e+00,-4.268232366433487995e-03
3.424804687500000000e+00,-4.212305368604077338e-03
3.425781250000000000e+00,-4.152417914706954538e-03
3.426757812500000000e+00,-4.088626311588231498e-03
3.427734375000000000e+00,-4.020990536818273321e-03
3.428710937500000000e+00,-3.949574182300120279e-03
3.429687500000000000e+00,-3.874444394479682752e-03
3.430664062500000000e+00,-3.795671811213905972e-03
3.431640625000000000e+00,-3.713330495356278928e-03
3.432617187500000000e+00,-3.627497865122119702e-03
3.433593750000000000e+00,-3.538254621299113511e-03
3.434570312500000000e+00,-3.445684671371541333e-03
3.435546875000000000e+00,-3.349875050629534841e-03
3.436523437500000000e+00,-3.250915840337533988e-03
3.437500000000000000e+00,-3.148900083038887882e-03
3.438476562500000000e+00,-3.043923695076226638e-03
3.439453125000000000e+00,-2.936085376409854845e-03
3.440429687500000000e+00,-2.825486517818959036e-03
3.441406250000000000e+00,-2.712231105572875806e-03
3.442382812500000000e+00,-2.596425623662052852e-03
3.443359375000000000e+00,-2.478178953680622906e-03
3.444335937500000000e+00,-2.357602272454726190e-03
3.445312500000000000e+00,-2.234808947512829502e-03
3.446289062500000000e+00,-2.109914430496323112e-03
3.447265625000000000e+00,-1.983036148610610450e-03
3.448242187500000000e+00,-1.854293394218752391e-03
3.449218750000000000e+00,-1.723807212681468951e-03
3.450195312500000000e+00,-1.591700288548953107e-03
3.451171875000000000e+00,-1.458096830211500329e-03
3.452148437500000000e+00,-1.323122453117407454e-03
3.453125000000000000e+00,-1.186904061667939545e-03
3.454101562500000000e+00,-1.049569729900409190e-03
3.455078125000000000e+00,-9.112485810715506042e-04
3.456054687500000000e+00,-7.720706662544070311e-04
3.457031250000000000e+00,-6.321668420628740511e-04
3.458007812500000000e+00,-4.916686476188645780e-04
3.458984375000000000e+00,-3.507081808777727516e-04
3.459960937500000000e+00,-2.094179744285162197e-04
3.460937500000000000e+00,-6.793087088493085643e-05
3.461914062500000000e+00,7.362010201432294993e-05
3.462890625000000000e+00,2.151018564799106610e-04
3.463867187500000000e+00,3.563813698024341330e-04
3.464843750000000000e+00,4.973258094218533949e-04
3.465820312500000000e+00,6.378026578181279077e-04
3.466796875000000000e+00,7.776798371056534371e-04
3.467773437500000000e+00,9.168258332143502899e-04
3.468750000000000000e+00,1.055109819540645455e-03
3.469726562500000000e+00,1.192401779952091461e-03
3.470703125000000000e+00,1.328572631029971418e-03
3.471679687500000000e+00,1.463494343434955467e-03
3.472656250000000000e+00,1.597040062281701589e-03
3.473632812500000000e+00,1.729084226409220238e-03
3.474609375000000000e+00,1.859502686434866487e-03
3.475585937500000000e+00,1.988172821480961236e-03
3.476562500000000000e+00,2.114973654464296152e-03
3.477539062500000000e+00,2.239785965840124238e-03
3.478515625000000000e+00,2.362492405693693807e-03
3.479492187500000000e+00,2.482977604073935331e-03
3.480468750000000000e+00,2.601128279465565133e-03
3.481445312500000000e+00,2.716833345297616983e-03
3.482421875000000000e+00,2.829984014388265551e-03
3.483398437500000000e+00,2.940473901227735973e-03
3.484375000000000000e+00,3.048199122003136460e-03
3.485351562500000000e+00,3.153058392271168055e-03
3.486328125000000000e+00,3.254953122186876602e-03
3.487304687500000000e+00,3.353787509198915672e-03
3.488281250000000000e+00,3.449468628124164032e-03
3.489257812500000000e+00,3.541906518517010192e-03
3.490234375000000000e+00,3.631014269251156643e-03
3.491210937500000000e+00,3.716708100234422316e-03
3.492187500000000000e+00,3.798907441179711925e-03
3.493164062500000000e+00,3.877535007358089061e-03
3.494140625000000000e+00,3.952516872262733932e-03
3.495117187500000000e+00,4.023782537115461536e-03
3.496093750000000000e+00,4.091264997150450590e-03
3.497070312500000000e+00,4.154900804612868953e-03
3.498046875000000000e+00,4.214630128413150364e-03
3.499023437500000000e+00,4.270396810380848451e-03
3.500000000000000000e+00,4.322148418065167169e-03
3.500976562500000000e+00,4.369836294032532036e-03
3.501953125000000000e+00,4.413415601614846875e-03
3.502929687500000000e+00,4.452845367065425344e-03
3.503906250000000000e+00,4.488088518082958799e-03
3.504882812500000000e+00,4.519111918667305557e-03
3.505859375000000000e+00,4.545886400274323086e-03
3.506835937500000000e+00,4.568386789240455777e-03
3.507812500000000000e+00,4.586591930451293375e-03
3.508789062500000000e+00,4.600484707231840970e-03
3.509765625000000000e+00,4.610052057439808018e-03
3.510742187500000000e+00,4.615284985746777487e-03
3.511718750000000000e+00,4.616178572095713112e-03
3.512695312500000000e+00,4.612731976326852820e-03
3.513671875000000000e+00,4.604948438967635012e-03
3.514648437500000000e+00,4.592835278185919586e-03
3.515625000000000000e+00,4.576403882909364264e-03
3.516601562500000000e+00,4.555669702117430206e-03
3.517578125000000000e+00,4.530652230316080907e-03
3.518554687500000000e+00,4.501374989208830994e-03
3.519531250000000000e+00,4.467865505581381999e-03
3.520507812500000000e+00,4.430155285420632298e-03
3.521484375000000000e+00,4.388279784292401994e-03
3.522460937500000000e+00,4.342278374005717652e-03
3.523437500000000000e+00,4.292194305595000738e-03
3.524414062500000000e+00,4.238074668654968728e-03
3.525390625000000000e+00,4.179970347066476986e-03
3.526367187500000000e+00,4.117935971154931298e-03
3.527343750000000000e+00,4.052029866326252450e-03
3.528320312500000000e+00,3.982313998228684086e-03
3.529296875000000000e+00,3.908853914492006754e-03
3.530273437500000000e+00,3.831718683098931603e-03
3.531250000000000000e+00,3.750980827446617413e-03
3.532226562500000000e+00,3.666716258159374072e-03
3.533203125000000000e+00,3.579004201716652275e-03
3.534179687500000000e+00,3.487927125963432868e-03
3.535156250000000000e+00,3.393570662573047476e-03
3.536132812500000000e+00,3.296023526535332183e-03
3.537109375000000000e+00,3.195377432745813689e-03
3.538085937500000000e+00,3.091727009774351310e-03
3.539062500000000000e+00,2.985169710894308454e-03
3.540039062500000000e+00,2.875805722455909274e-03
3.541015625000000000e+00,2.763737869689923427e-03
3.541992187500000000e+00,2.649071520030248702e-03
3.542968750000000000e+00,2.531914484046284084e-03
3.543945312500000000e+00,2.412376914078241414e-03
3.544921875000000000e+00,2.290571200670697000e-03
3.545898437500000000e+00,2.166611866901759723e-03
3.546875000000000000e+00,2.040615460707207156e-03
3.547851562500000000e+00,1.912700445300827496e-03
3.548828125000000000e+00,1.782987087793997533e-03
3.549804687500000000e+00,1.651597346119214327e-03
3.550781250000000000e+00,1.518654754363899179e-03
3.551757812500000000e+00,1.384284306622283718e-03
3.552734375000000000e+00,1.248612339474580247e-03
3.553710937500000000e+00,1.111766413203932801e-03
3.554687500000000000e+00,9.738751918628291409e-04
3.555664062500000000e+00,8.350683223017364145e-04
3.556640625000000000e+00,6.954763122736989716e-04
3.557617187500000000e+00,5.552304077295067142e-04
3.558593750000000000e+00,4.144624694188013461e-04
3.559570312500000000e+00,2.733048489131421313e-04
3.560546875000000000e+00,1.318902641675952822e-04
3.561523437500000000e+00,-9.648325262154300568e-06
3.562500000000000000e+00,-1.511778432298470105e-04
3.563476562500000000e+00,-2.925652221183120804e-04
3.564453125000000000e+00,-4.336775279511121241e-04
3.565429687500000000e+00,-5.743820853785373739e-04
3.566406250000000000e+00,-7.145466024204355157e-04
3.567382812500000000e+00,-8.540392948485940128e-04
3.568359375000000000e+00,-9.927290100917283717e-04
3.569335937500000000e+00,-1.130485350546578610e-03
3.570312500000000000e+00,-1.267178796179178023e-03
3.571289062500000000e+00,-1.402680826301020128e-03
3.572265625000000000e+00,-1.536864040405630863e-03
3.573242187500000000e+00,-1.669602277951933019e-03
3.574218750000000000e+00,-1.800770736981781306e-03
3.575195312500000000e+00,-1.930246091460142890e-03
3.576171875000000000e+00,-2.057906607227598904e-03
3.577148437500000000e+00,-2.183632256456145837e-03
3.578125000000000000e+00,-2.307304830500688225e-03
3.579101562500000000e+00,-2.428808051040110688e-03
3.580078125000000000e+00,-2.548027679403442811e-03
3.581054687500000000e+00,-2.664851623978318866e-03
3.582031250000000000e+00,-2.779170045600751985e-03
3.583007812500000000e+00,-2.890875460827129276e-03
3.583984375000000000e+00,-2.999862842991334565e-03
3.584960937500000000e+00,-3.106029720951979274e-03
3.585937500000000000e+00,-3.209276275436903376e-03
3.586914062500000000e+00,-3.309505432894358293e-03
3.587890625000000000e+00,-3.406622956762633304e-03
3.588867187500000000e+00,-3.500537536072311721e-03
3.589843750000000000e+00,-3.591160871297854537e-03
3.590820312500000000e+00,-3.678407757377789682e-03
3.591796875000000000e+00,-3.762196163825452973e-03
3.592773437500000000e+00,-3.842447311854958227e-03
3.593750000000000000e+00,-3.919085748449882903e-03
3.594726562500000000e+00,-3.992039417305028384e-03
3.595703125000000000e+00,-4.061239726574552601e-03
3.596679687500000000e+00,-4.126621613362784630e-03
3.597656250000000000e+00,-4.188123604897076198e-03
3.598632812500000000e+00,-4.245687876325183151e-03
3.599609375000000000e+00,-4.299260305082828852e-03
3.600585937500000000e+00,-4.348790521780340236e-03
3.601562500000000000e+00,-4.394231957560502423e-03
3.602539062500000000e+00,-4.435541887883114563e-03
3.603515625000000000e+00,-4.472681472695073240e-03
3.604492187500000000e+00,-4.505615792948221114e-03
3.605468750000000000e+00,-4.534313883430620210e-03
3.606445312500000000e+00,-4.558748761880389126e-03
3.607421875000000000e+00,-4.578897454354722424e-03
3.608398437500000000e+00,-4.594741016830244072e-03
3.609375000000000000e+00,-4.606264553014390029e-03
3.610351562500000000e+00,-4.613457228351065982e-03
3.611328125000000000e+00,-4.616312280207417185e-03
3.612304687500000000e+00,-4.614827024232129489e-03
3.613281250000000000e+00,-4.609002856879288942e-03
3.614257812500000000e+00,-4.598845254095417293e-03
3.615234375000000000e+00,-4.584363766170927203e-03
3.616210937500000000e+00,-4.565572008760834452e-03
3.617187500000000000e+00,-4.542487650083168287e-03
3.618164062500000000e+00,-4.515132394307118033e-03
3.619140625000000000e+00,-4.483531961146531089e-03
3.620117187500000000e+00,-4.447716061677956141e-03
3.621093750000000000e+00,-4.407718370405959950e-03
3.622070312500000000e+00,-4.363576493601985760e-03
3.623046875000000000e+00,-4.315331933946520322e-03
3.624023437500000000e+00,-4.263030051507817227e-03
3.625000000000000000e+00,-4.206720021093856426e-03
3.625976562500000000e+00,-4.146454786017649344e-03
3.626953125000000000e+00,-4.082291008319347859e-03
3.627929687500000000e+00,-4.014289015491969564e-03
3.628906250000000000e+00,-3.942512743760821607e-03
3.629882812500000000e+00,-3.867029677969954608e-03
3.630859375000000000e+00,-3.787910788132167403e-03
3.631835937500000000e+00,-3.705230462702215413e-03
3.632812500000000000e+00,-3.619066438635963699e-03
3.633789062500000000e+00,-3.529499728301241975e-03
3.634765625000000000e+00,-3.436614543309120511e-03
3.635742187500000000e+00,-3.340498215337222784e-03
3.636718750000000000e+00,-3.241241114019516659e-03
3.637695312500000000e+00,-3.138936561979786214e-03
3.638671875000000000e+00,-3.033680747088668677e-03
3.639648437500000000e+00,-2.925572632026755566e-03
3.640625000000000000e+00,-2.814713861238786821e-03
3.641601562500000000e+00,-2.701208665366420028e-03
3.642578125000000000e+00,-2.585163763249428200e-03
3.643554687500000000e+00,-2.466688261587469001e-03
3.644531250000000000e+00,-2.345893552356757492e-03
3.645507812500000000e+00,-2.222893208078100848e-03
3.646484375000000000e+00,-2.097802875034757500e-03
3.647460937500000000e+00,-1.970740164540523906e-03
3.648437500000000000e+00,-1.841824542360277501e-03
3.649414062500000000e+00,-1.711177216386943443e-03
3.650390625000000000e+00,-1.578921022680494692e-03
3.651367187500000000e+00,-1.445180309976129953e-03
3.652343750000000000e+00,-1.310080822770218851e-03
3.653320312500000000e+00,-1.173749583093936389e-03
3.654296875000000000e+00,-1.036314771085745370e-03
3.655273437500000000e+00,-8.979056044750130701e-04
3.656250000000000000e+00,-7.586522170900738497e-04
3.657226562500000000e+00,-6.186855365049657822e-04
3.658203125000000000e+00,-4.781371609398777506e-04
3.659179687500000000e+00,-3.371392355310486293e-04
3.660156250000000000e+00,-1.958243280864493800e-04
3.661132812500000000e+00,-5.432530444406477197e-05
3.662109375000000000e+00,8.722479645003618871e-05
3.663085937500000000e+00,2.286928876263879032e-04
3.664062500000000000e+00,3.699459592219678022e-04
3.665039062500000000e+00,5.108512035375400041e-04
3.666015625000000000e+00,6.512761399049217439e-04
3.666992187500000000e+00,7.910887392467722077e-04
3.667968750000000000e+00,9.301575482117904487e-04
3.668945312500000000e+00,1.068351812768609296e-03
3.669921875000000000e+00,1.205541601142180600e-03
3.670898437500000000e+00,1.341597925977066653e-03
3.671875000000000000e+00,1.476392865612777402e-03
3.672851562500000000e+00,1.609799684357129642e-03
3.673828125000000000e+00,1.741692951644545698e-03
3.674804687500000000e+00,1.871948659967257291e-03
3.675781250000000000e+00,2.000444341468535399e-03
3.676757812500000000e+00,2.127059183088322869e-03
3.677734375000000000e+00,2.251674140153008940e-03
3.678710937500000000e+00,2.374172048302546339e-03
3.679687500000000000e+00,2.494437733649678725e-03
3.680664062500000000e+00,2.612358121067702259e-03
3.681640625000000000e+00,2.727822340504949730e-03
3.682617187500000000e+00,2.840721831226037698e-03
3.683593750000000000e+00,2.950950443881870857e-03
3.684570312500000000e+00,3.058404540312432626e-03
3.685546875000000000e+00,3.162983090988530366e-03
3.686523437500000000e+00,3.264587770000872743e-03
3.687500000000000000e+00,3.363123047507179161e-03
3.688476562500000000e+00,3.458496279550391655e-03
3.689453125000000000e+00,3.550617795163547689e-03
3.690429687500000000e+00,3.639400980679415379e-03
3.691406250000000000e+00,3.724762361165619498e-03
3.692382812500000000e+00,3.806621678908696672e-03
3.693359375000000000e+00,3.884901968873283751e-03
3.694335937500000000e+00,3.959529631065494826e-03
3.695312500000000000e+00,4.030434499732451006e-03
3.696289062500000000e+00,4.097549909332893515e-03
3.697265625000000000e+00,4.160812757216864576e-03
3.698242187500000000e+00,4.220163562955517138e-03
3.699218750000000000e+00,4.275546524265269079e-03
3.700195312500000000e+00,4.326909569473728900e-03
3.701171875000000000e+00,4.374204406478056535e-03
3.702148437500000000e+00,4.417386568149734433e-03
3.703125000000000000e+00,4.456415454143049584e-03
3.704101562500000000e+00,4.491254369067991525e-03
3.705078125000000000e+00,4.521870556991660142e-03
3.706054687500000000e+00,4.548235232235756965e-03
3.707031250000000000e+00,4.570323606441200476e-03
3.708007812500000000e+00,4.588114911874410957e-03
3.708984375000000000e+00,4.601592420953366618e-03
3.709960937500000000e+00,4.610743461975059382e-03
3.710937500000000000e+00,4.615559431029570524e-03
3.711914062500000000e+00,4.616035800089563282e-03
3.712890625000000000e+00,4.612172121267581366e-03
3.713867187500000000e+00,4.603972027237159155e-03
3.714843750000000000e+00,4.591443227817343722e-03
3.715820312500000000e+00,4.574597502723834475e-03
3.716796875000000000e+00,4.553450690493566523e-03
3.717773437500000000e+00,4.528022673593142672e-03
3.718750000000000000e+00,4.498337359725116703e-03
3.719726562500000000e+00,4.464422659349711123e-03
3.720703125000000000e+00,4.426310459443089616e-03
3.721679687500000000e+00,4.384036593516872811e-03
3.722656250000000000e+00,4.337640807927072711e-03
3.723632812500000000e+00,4.287166724504130541e-03
3.724609375000000000e+00,4.232661799539189605e-03
3.725585937500000000e+00,4.174177279165164345e-03
3.726562500000000000e+00,4.111768151174560737e-03
3.727539062500000000e+00,4.045493093319346874e-03
3.728515625000000000e+00,3.975414418141480673e-03
3.729492187500000000e+00,3.901598014385969891e-03
3.730468750000000000e+00,3.824113285051544946e-03
3.731445312500000000e+00,3.743033082137193091e-03
3.732421875000000000e+00,3.658433638145903305e-03
3.733398437500000000e+00,3.570394494410024811e-03
3.734375000000000000e+00,3.478998426305627157e-03
3.735351562500000000e+00,3.384331365426175835e-03
3.736328125000000000e+00,3.286482318788699723e-03
3.737304687500000000e+00,3.185543285148408239e-03
3.738281250000000000e+00,3.081609168500446146e-03
3.739257812500000000e+00,2.974777688850107661e-03
3.740234375000000000e+00,2.865149290335407620e-03
3.741210937500000000e+00,2.752827046788392396e-03
3.742187500000000000e+00,2.637916564823983290e-03
3.743164062500000000e+00,2.520525884547470882e-03
3.744140625000000000e+00,2.400765377974013216e-03
3.745117187500000000e+00,2.278747645255647762e-03
3.746093750000000000e+00,2.154587408813382361e-03
3.747070312500000000e+00,2.028401405473908778e-03
3.748046875000000000e+00,1.900308276712346688e-03
3.749023437500000000e+00,1.770428457104217864e-03
3.750000000000000000e+00,1.638884061091526977e-03
3.750976562500000000e+00,1.505798768169413528e-03
3.751953125000000000e+00,1.371297706601323080e-03
3.752929687500000000e+00,1.235507335772031545e-03
3.753906250000000000e+00,1.098555327289133269e-03
3.754882812500000000e+00,9.605704449447843591e-04
3.755859375000000000e+00,8.216824236505622337e-04
3.756835937500000000e+00,6.820218474592679029e-04
3.757812500000000000e+00,5.417200267883556970e-04
3.758789062500000000e+00,4.009088749604278450e-04
3.759765625000000000e+00,2.597207841768699914e-04
3.760742187500000000e+00,1.182885010412404014e-04
3.761718750000000000e+00,-2.325499825055408185e-05
3.762695312500000000e+00,-1.647766329359472474e-04
3.763671875000000000e+00,-3.061433428097176104e-04
3.764648437500000000e+00,-4.472222133286638652e-04
3.765625000000000000e+00,-5.878806005793278493e-04
3.766601562500000000e+00,-7.279862559912679163e-04
3.767578125000000000e+00,-8.674074506786267399e-04
3.768554687500000000e+00,-1.006013099293085735e-03
3.769531250000000000e+00,-1.143672883271758776e-03
3.770507812500000000e+00,-1.280257373364145296e-03
3.771484375000000000e+00,-1.415638151322942120e-03
3.772460937500000000e+00,-1.549687930644299150e-03
3.773437500000000000e+00,-1.682280676243997188e-03
3.774414062500000000e+00,-1.813291722957027438e-03
3.775390625000000000e+00,-1.942597892749157052e-03
3.776367187500000000e+00,-2.070077610530279572e-03
3.777343750000000000e+00,-2.195611018460656705e-03
3.778320312500000000e+00,-2.319080088642586166e-03
3.779296875000000000e+00,-2.440368734091534139e-03
3.780273437500000000e+00,-2.559362917882401518e-03
3.781250000000000000e+00,-2.675950760368302032e-03
3.782226562500000000e+00,-2.790022644371042276e-03
3.783203125000000000e+00,-2.901471318244404872e-03
3.784179687500000000e+00,-3.010191996713330962e-03
3.785156250000000000e+00,-3.116082459394195047e-03
3.786132812500000000e+00,-3.219043146903537937e-03
3.787109375000000000e+00,-3.318977254464901706e-03
3.788085937500000000e+00,-3.415790822925748958e-03
3.789062500000000000e+00,-3.509392827098896817e-03
3.790039062500000000e+00,-3.599695261345404931e-03
3.791015625000000000e+00,-3.686613222318448416e-03
3.791992187500000000e+00,-3.770064988790384694e-03
3.792968750000000000e+00,-3.849972098487954020e-03
3.793945312500000000e+00,-3.926259421863376349e-03
3.794921875000000000e+00,-3.998855232731982068e-03
3.795898437500000000e+00,-4.067691275709965290e-03
3.796875000000000000e+00,-4.132702830388847344e-03
3.797851562500000000e+00,-4.193828772186322836e-03
3.798828125000000000e+00,-4.251011629816266700e-03
3.799804687500000000e+00,-4.304197639323871678e-03
3.800781250000000000e+00,-4.353336794635114838e-03
3.801757812500000000e+00,-4.398382894573019120e-03
3.802734375000000000e+00,-4.439293586296512613e-03
3.803710937500000000e+00,-4.476030405121035442e-03
3.804687500000000000e+00,-4.508558810683463251e-03
3.805664062500000000e+00,-4.536848219417338041e-03
3.806640625000000000e+00,-4.560872033307875224e-03
3.807617187500000000e+00,-4.580607664899710371e-03
3.808593750000000000e+00,-4.596036558533876659e-03
3.809570312500000000e+00,-4.607144207794037702e-03
3.810546875000000000e+00,-4.613920169145581743e-03
3.811523437500000000e+00,-4.616358071754748937e-03
3.812500000000000000e+00,-4.614455623478559525e-03
3.813476562500000000e+00,-4.608214613019911109e-03
3.814453125000000000e+00,-4.597640908245820626e-03
3.815429687500000000e+00,-4.582744450670392204e-03
3.816406250000000000e+00,-4.563539246107694257e-03
3.817382812500000000e+00,-4.540043351503338272e-03
3.818359375000000000e+00,-4.512278857957140871e-03
3.819335937500000000e+00,-4.480271869952824268e-03
3.820312500000000000e+00,-4.444052480814295915e-03
3.821289062500000000e+00,-4.403654744411569615e-03
3.822265625000000000e+00,-4.359116643142942234e-03
3.823242187500000000e+00,-4.310480052223522596e-03
3.824218750000000000e+00,-4.257790700313690731e-03
3.825195312500000000e+00,-4.201098126524507349e-03
3.826171875000000000e+00,-4.140455633840492596e-03
3.827148437500000000e+00,-4.075920239003571512e-03
3.828125000000000000e+00,-4.007552618905303038e-03
3.829101562500000000e+00,-3.935417053537796674e-03
3.830078125000000000e+00,-3.859581365556950545e-03
3.831054687500000000e+00,-3.780116856514844324e-03
3.832031250000000000e+00,-3.697098239821229940e-03
3.833007812500000000e+00,-3.610603570497157751e-03
3.833984375000000000e+00,-3.520714171786783024e-03
3.834960937500000000e+00,-3.427514558696353932e-03
3.835937500000000000e+00,-3.331092358532267584e-03
3.836914062500000000e+00,-3.231538228512907760e-03
3.837890625000000000e+00,-3.128945770531727129e-03
3.838867187500000000e+00,-3.023411443151711661e-03
3.839843750000000000e+00,-2.915034470913973122e-03
3.840820312500000000e+00,-2.803916751045739970e-03
3.841796875000000000e+00,-2.690162757655456885e-03
3.842773437500000000e+00,-2.573879443505074083e-03
3.843750000000000000e+00,-2.455176139451877883e-03
3.844726562500000000e+00,-2.334164451654409736e-03
3.845703125000000000e+00,-2.210958156639123394e-03
3.846679687500000000e+00,-2.085673094326436546e-03
3.847656250000000000e+00,-1.958427059116757060e-03
3.848632812500000000e+00,-1.829339689138886069e-03
3.849609375000000000e+00,-1.698532353764926634e-03
3.850585937500000000e+00,-1.566128039497458654e-03
3.851562500000000000e+00,-1.432251234336269627e-03
3.852539062500000000e+00,-1.297027810733361380e-03
3.853515625000000000e+00,-1.160584907246279282e-03
3.854492187500000000e+00,-1.023050809001035174e-03
3.855468750000000000e+00,-8.845548270770138251e-04
3.856445312500000000e+00,-7.452271769272669983e-04
3.857421875000000000e+00,-6.051988559485049334e-04
3.858398437500000000e+00,-4.646015203158960875e-04
3.859375000000000000e+00,-3.235673611984759418e-04
3.860351562500000000e+00,-1.822289804715488304e-04
3.861328125000000000e+00,-4.071926604293899551e-05
3.862304687500000000e+00,1.008287330896892044e-04
3.863281250000000000e+00,2.422819319329694949e-04
3.864257812500000000e+00,3.835073346258155002e-04
3.865234375000000000e+00,5.243721594835994496e-04
3.866210937500000000e+00,6.647439638409596016e-04
3.867187500000000000e+00,8.044907685758583829e-04
3.868164062500000000e+00,9.434811821978114459e-04
3.869140625000000000e+00,1.081584524383619661e-03
3.870117187500000000e+00,1.218670948844453135e-03
3.871093750000000000e+00,1.354611565408767471e-03
3.872070312500000000e+00,1.489278561206267785e-03
3.873046875000000000e+00,1.622545320838981444e-03
3.874023437500000000e+00,1.754286545426455603e-03
3.875000000000000000e+00,1.884378370413149293e-03
3.875976562500000000e+00,2.012698482027257783e-03
3.876953125000000000e+00,2.139126232281471710e-03
3.877929687500000000e+00,2.263542752407550658e-03
3.878906250000000000e+00,2.385831064618050210e-03
3.879882812500000000e+00,2.505876192090133060e-03
3.880859375000000000e+00,2.623565267068047376e-03
3.881835937500000000e+00,2.738787636982638416e-03
3.882812500000000000e+00,2.851434968488117307e-03
3.883789062500000000e+00,2.961401349318270714e-03
3.884765625000000000e+00,3.068583387866343371e-03
3.885742187500000000e+00,3.172880310394970028e-03
3.886718750000000000e+00,3.274194055784757692e-03
3.887695312500000000e+00,3.372429367732432751e-03
3.888671875000000000e+00,3.467493884311871003e-03
3.889648437500000000e+00,3.559298224813801925e-03
3.890625000000000000e+00,3.647756073782538501e-03
3.891601562500000000e+00,3.732784262170723340e-03
3.892578125000000000e+00,3.814302845535786669e-03
3.893554687500000000e+00,3.892235179204593404e-03
3.894531250000000000e+00,3.966507990335614055e-03
3.895507812500000000e+00,4.037051446810858112e-03
3.896484375000000000e+00,4.103799222892805763e-03
3.897460937500000000e+00,4.166688561584596523e-03
3.898437500000000000e+00,4.225660333634853258e-03
3.899414062500000000e+00,4.280659093131658662e-03
3.900390625000000000e+00,4.331633129633412176e-03
3.901367187500000000e+00,4.378534516787559693e-03
3.902343750000000000e+00,4.421319157391480868e-03
3.903320312500000000e+00,4.459946824853166028e-03
3.904296875000000000e+00,4.494381201012701693e-03
3.905273437500000000e+00,4.524589910289007234e-03
3.906250000000000000e+00,4.550544550119712921e-03
3.907226562500000000e+00,4.572220717665563365e-03
3.908203125000000000e+00,4.589598032754237979e-03
3.909179687500000000e+00,4.602660157042011944e-03
3.910156250000000000e+00,4.611394809375250411e-03
3.911132812500000000e+00,4.615793777337281328e-03
3.912109375000000000e+00,4.615852924969804025e-03
3.913085937500000000e+00,4.611572196661560714e-03
3.914062500000000000e+00,4.602955617200622795e-03
3.915039062500000000e+00,4.590011287990242508e-03
3.916015625000000000e+00,4.572751379431820931e-03
3.916992187500000000e+00,4.551192119482165392e-03
3.917968750000000000e+00,4.525353778395782046e-03
3.918945312500000000e+00,4.495260649666561921e-03
3.919921875000000000e+00,4.460941027186766245e-03
3.920898437500000000e+00,4.422427178644798215e-03
3.921875000000000000e+00,4.379755315186763774e-03
3.922851562500000000e+00,4.332965557370354118e-03
3.923828125000000000e+00,4.282101897443052994e-03
3.924804687500000000e+00,4.227212157980138676e-03
3.925781250000000000e+00,4.168347946921370506e-03
3.926757812500000000e+00,4.105564609048632622e-03
3.927734375000000000e+00,4.038921173950161571e-03
3.928710937500000000e+00,3.968480300520270052e-03
3.929687500000000000e+00,3.894308218046766377e-03
3.930664062500000000e+00,3.816474663941442878e-03
3.931640625000000000e+00,3.735052818172191879e-03
3.932617187500000000e+00,3.650119234458391350e-03
3.933593750000000000e+00,3.561753768294251103e-03
3.934570312500000000e+00,3.470039501867794134e-03
3.935546875000000000e+00,3.375062665946066374e-03
3.936523437500000000e+00,3.276912558800014821e-03
3.937500000000000000e+00,3.175681462245266880e-03
3.938476562500000000e+00,3.071464554877748228e-03
3.939453125000000000e+00,2.964359822585712831e-03
3.940429687500000000e+00,2.854467966422330038e-03
3.941406250000000000e+00,2.741892307925439167e-03
3.942382812500000000e+00,2.626738691973498890e-03
3.943359375000000000e+00,2.509115387269062001e-03
3.944335937500000000e+00,2.389132984543345262e-03
3.945312500000000000e+00,2.266904292577600743e-03
3.946289062500000000e+00,2.142544232139052904e-03
3.947265625000000000e+00,2.016169727931123312e-03
3.948242187500000000e+00,1.887899598659532061e-03
3.949218750000000000e+00,1.757854445317636816e-03
3.950195312500000000e+00,1.626156537796046323e-03
3.951171875000000000e+00,1.492929699923117338e-03
3.952148437500000000e+00,1.358299193044422990e-03
3.953125000000000000e+00,1.222391598250650814e-03
3.954101562500000000e+00,1.085334697364662192e-03
3.955078125000000000e+00,9.472573527996102326e-04
3.956054687500000000e+00,8.082893864010742358e-04
3.957031250000000000e+00,6.685614573871259203e-04
3.958007812500000000e+00,5.282049395010880374e-04
3.958984375000000000e+00,3.873517974924890099e-04
3.959960937500000000e+00,2.461344630423465026e-04
3.960937500000000000e+00,1.046857102494373932e-04
3.961914062500000000e+00,-3.686146920537766085e-05
3.962890625000000000e+00,-1.783739910994025068e-04
3.963867187500000000e+00,-3.197188037953628201e-04
3.964843750000000000e+00,-4.607630133380258806e-04
3.965820312500000000e+00,-6.013740084025665173e-04
3.966796875000000000e+00,-7.414195849772003575e-04
3.967773437500000000e+00,-8.807680706628569483e-04
3.968750000000000000e+00,-1.019288448473024914e-03
3.969726562500000000e+00,-1.156850480017370753e-03
3.970703125000000000e+00,-1.293324827953313107e-03
3.971679687500000000e+00,-1.428583177590421732e-03
3.972656250000000000e+00,-1.562498357533307703e-03
3.973632812500000000e+00,-1.694944459249575529e-03
3.974609375000000000e+00,-1.825796955450416240e-03
3.975585937500000000e+00,-1.954932817172541377e-03
3.976562500000000000e+00,-2.082230629451373854e-03
3.977539062500000000e+00,-2.207570705476739805e-03
3.978515625000000000e+00,-2.330835199123730810e-03
3.979492187500000000e+00,-2.451908215752932052e-03
3.980468750000000000e+00,-2.570675921175844935e-03
3.981445312500000000e+00,-2.687026648683047726e-03
3.982421875000000000e+00,-2.800851004034470709e-03
3.983398437500000000e+00,-2.912041968313070980e-03
3.984375000000000000e+00,-3.020494998545198654e-03
3.985351562500000000e+00,-3.126108125993059140e-03
3.986328125000000000e+00,-3.228782052026844991e-03
3.987304687500000000e+00,-3.328420241486407163e-03
3.988281250000000000e+00,-3.424929013444678264e-03
3.989257812500000000e+00,-3.518217629287516326e-03
3.990234375000000000e+00,-3.608198378027152944e-03
3.991210937500000000e+00,-3.694786658769033064e-03
3.992187500000000000e+00,-3.777901060254510758e-03
3.993164062500000000e+00,-3.857463437404616211e-03
3.994140625000000000e+00,-3.933398984792920230e-03
3.995117187500000000e+00,-4.005636306978425237e-03
3.996093750000000000e+00,-4.074107485632347259e-03
3.997070312500000000e+00,-4.138748143395678397e-03
3.998046875000000000e+00,-4.199497504407493156e-03
3.999023437500000000e+00,-4.256298451447083214e-03
4.000000000000000000e+00,-4.309097579636199729e-03
4.000976562500000000e+00,-4.357845246650911449e-03
4.001953125000000000e+00,-4.402495619395865520e-03
4.002929687500000000e+00,-4.443006717097070304e-03
4.003906250000000000e+00,-4.479340450772683994e-03
4.004882812500000000e+00,-4.511462659044693756e-03
4.005859375000000000e+00,-4.539343140257823955e-03
4.006835937500000000e+00,-4.562955680875464999e-03
4.007812500000000000e+00,-4.582278080125929721e-03
4.008789062500000000e+00,-4.597292170875865759e-03
4.009765625000000000e+00,-4.607983836711192910e-03
4.010742187500000000e+00,-4.614343025209514948e-03
4.011718750000000000e+00,-4.616363757391515020e-03
4.012695312500000000e+00,-4.614044133342459775e-03
4.013671875000000000e+00,-4.607386333998519587e-03
4.014648437500000000e+00,-4.596396619096228264e-03
4.015625000000000000e+00,-4.581085321287011250e-03
4.016601562500000000e+00,-4.561466836422309150e-03
4.017578125000000000e+00,-4.537559610018442914e-03
4.018554687500000000e+00,-4.509386119913932726e-03
4.019531250000000000e+00,-4.476972855135585676e-03
4.020507812500000000e+00,-4.440350290993223467e-03
4.021484375000000000e+00,-4.399552860426454194e-03
4.022460937500000000e+00,-4.354618921630445776e-03
4.023437500000000000e+00,-4.305590721991126371e-03
4.024414062500000000e+00,-4.252514358363723018e-03
4.025390625000000000e+00,-4.195439733731990556e-03
4.026367187500000000e+00,-4.134420510288874286e-03
4.027343750000000000e+00,-4.069514058982722990e-03
4.028320312500000000e+00,-4.000781405576490056e-03
4.029296875000000000e+00,-3.928287173270634744e-03
4.030273437500000000e+00,-3.852099521943676535e-03
4.031250000000000000e+00,-3.772290084067522666e-03
4.032226562500000000e+00,-3.688933897357827511e-03
4.033203125000000000e+00,-3.602109334222701638e-03
4.034179687500000000e+00,-3.511898028076108555e-03
4.035156250000000000e+00,-3.418384796585225739e-03
4.036132812500000000e+00,-3.321657561923936630e-03
4.037109375000000000e+00,-3.221807268107431798e-03
4.038085937500000000e+00,-3.118927795485638803e-03
4.039062500000000000e+00,-3.013115872475881276e-03
4.040039062500000000e+00,-2.904470984617750755e-03
4.041015625000000000e+00,-2.793095281035703169e-03
4.041992187500000000e+00,-2.679093478397322637e-03
4.042968750000000000e+00,-2.562572762457553631e-03
4.043945312500000000e+00,-2.443642687281468492e-03
4.044921875000000000e+00,-2.322415072240325683e-03
4.045898437500000000e+00,-2.199003896877759715e-03
4.046875000000000000e+00,-2.073525193744955517e-03
4.047851562500000000e+00,-1.946096939305560439e-03
4.048828125000000000e+00,-1.816838943012909387e-03
4.049804687500000000e+00,-1.685872734663852691e-03
4.050781250000000000e+00,-1.553321450135097467e-03
4.051757812500000000e+00,-1.419309715609495381e-03
4.052734375000000000e+00,-1.283963530401128345e-03
4.053710937500000000e+00,-1.147410148489359880e-03
4.054687500000000000e+00,-1.009777958873237869e-03
4.055664062500000000e+00,-8.711963648587383539e-04
4.056640625000000000e+00,-7.317956623923467388e-04
4.057617187500000000e+00,-5.917069175553689268e-04
4.058593750000000000e+00,-4.510618433341527251e-04
4.059570312500000000e+00,-3.099926757820822398e-04
4.060546875000000000e+00,-1.686320496897790867e-04
4.061523437500000000e+00,-2.711287388040589837e-05
4.062500000000000000e+00,1.144317937526781849e-04
4.063476562500000000e+00,2.558688713484195488e-04
4.064453125000000000e+00,3.970653782031070096e-04
4.065429687500000000e+00,5.378885598002992527e-04
4.066406250000000000e+00,6.782060126280883448e-04
4.067382812500000000e+00,8.178858086663456581e-04
4.068359375000000000e+00,9.567966194269040756e-04
4.069335937500000000e+00,1.094807839430054705e-03
4.070312500000000000e+00,1.231789709001261841e-03
4.071289062500000000e+00,1.367613436272644258e-03
4.072265625000000000e+00,1.502151318274511961e-03
4.073242187500000000e+00,1.635276861003110349e-03
4.074218750000000000e+00,1.766864898351680740e-03
4.075195312500000000e+00,1.896791709793017432e-03
4.076171875000000000e+00,2.024935136702874557e-03
4.077148437500000000e+00,2.151174697214855783e-03
4.078125000000000000e+00,2.275391699498795130e-03
4.079101562500000000e+00,2.397469353356129675e-03
4.080078125000000000e+00,2.517292880027333958e-03
4.081054687500000000e+00,2.634749620108177946e-03
4.082031250000000000e+00,2.749729139473345869e-03
4.083007812500000000e+00,2.862123333107819811e-03
4.083984375000000000e+00,2.971826526748410410e-03
4.084960937500000000e+00,3.078735576239867433e-03
4.085937500000000000e+00,3.182749964512154080e-03
4.086914062500000000e+00,3.283771896087707507e-03
4.087890625000000000e+00,3.381706389029828265e-03
4.088867187500000000e+00,3.476461364245746546e-03
4.089843750000000000e+00,3.567947732060402881e-03
4.090820312500000000e+00,3.656079475979545721e-03
4.091796875000000000e+00,3.740773733563389908e-03
4.092773437500000000e+00,3.821950874334798312e-03
4.093750000000000000e+00,3.899534574648737088e-03
4.094726562500000000e+00,3.973451889452609895e-03
4.095703125000000000e+00,4.043633320870003781e-03
4.096679687500000000e+00,4.110012883543358829e-03
4.097656250000000000e+00,4.172528166674131095e-03
4.098632812500000000e+00,4.231120392702117892e-03
4.099609375000000000e+00,4.285734472568765614e-03
4.100585937500000000e+00,4.336319057512514653e-03
4.101562500000000000e+00,4.382826587347471263e-03
4.102539062500000000e+00,4.425213335180019046e-03
4.103515625000000000e+00,4.463439448521330788e-03
4.104492187500000000e+00,4.497468986757114512e-03
4.105468750000000000e+00,4.527269954939380607e-03
4.106445312500000000e+00,4.552814333868443822e-03
4.107421875000000000e+00,4.574078106436882396e-03
4.108398437500000000e+00,4.591041280210692022e-03
4.109375000000000000e+00,4.603687906226390340e-03
4.110351562500000000e+00,4.612006093986409892e-03
4.111328125000000000e+00,4.615988022638673610e-03
4.112304687500000000e+00,4.615629948329849977e-03
4.113281250000000000e+00,4.610932207725361963e-03
4.114257812500000000e+00,4.601899217692851166e-03
4.115234375000000000e+00,4.588539471149392056e-03
4.116210937500000000e+00,4.570865529076354253e-03
4.117187500000000000e+00,4.548894008709431121e-03
4.118164062500000000e+00,4.522645567914931712e-03
4.119140625000000000e+00,4.492144885767023962e-03
4.120117187500000000e+00,4.457420639344198375e-03
4.121093750000000000e+00,4.418505476766762009e-03
4.122070312500000000e+00,4.375435986500713151e-03
4.123046875000000000e+00,4.328252662956863332e-03
4.124023437500000000e+00,4.276999868417542816e-03
4.125000000000000000e+00,4.221725791326693365e-03
4.125976562500000000e+00,4.162482400982559991e-03
4.126953125000000000e+00,4.099325398675583883e-03
4.127929687500000000e+00,4.032314165317431136e-03
4.128906250000000000e+00,3.961511705610404332e-03
4.129882812500000000e+00,3.886984588809725815e-03
4.130859375000000000e+00,3.808802886134387243e-03
4.131835937500000000e+00,3.727040104885414630e-03
4.132812500000000000e+00,3.641773119333491932e-03
4.133789062500000000e+00,3.553082098440922456e-03
4.134765625000000000e+00,3.461050430485883723e-03
4.135742187500000000e+00,3.365764644659847028e-03
4.136718750000000000e+00,3.267314329711874018e-03
4.137695312500000000e+00,3.165792049716286381e-03
4.138671875000000000e+00,3.061293257042898772e-03
4.139648437500000000e+00,2.953916202611646218e-03
4.140625000000000000e+00,2.843761843515982962e-03
4.141601562500000000e+00,2.730933748101906870e-03
4.142578125000000000e+00,2.615537998591856584e-03
4.143554687500000000e+00,2.497683091345032341e-03
4.144531250000000000e+00,2.377479834847921747e-03
4.145507812500000000e+00,2.255041245530933422e-03
4.146484375000000000e+00,2.130482441509101797e-03
4.147460937500000000e+00,2.003920534346761897e-03
4.148437500000000000e+00,1.875474518947963182e-03
4.149414062500000000e+00,1.745265161676144228e-03
4.150390625000000000e+00,1.613414886808263622e-03
4.151367187500000000e+00,1.480047661430141520e-03
4.152343750000000000e+00,1.345288878881234973e-03
4.153320312500000000e+00,1.209265240858434492e-03
4.154296875000000000e+00,1.072104638289728303e-03
4.155273437500000000e+00,9.339360310897376746e-04
4.156250000000000000e+00,7.948893269101801450e-04
4.157226562500000000e+00,6.550952589992593920e-04
4.158203125000000000e+00,5.146852632848202382e-04
4.159179687500000000e+00,3.737913547968363327e-04
4.160156250000000000e+00,2.325460035454199586e-04
4.161132812500000000e+00,9.108200997105418088e-05
4.162109375000000000e+00,-5.046761991584912573e-05
4.163085937500000000e+00,-1.919697995886704802e-04
4.164062500000000000e+00,-3.332914871340061924e-04
4.165039062500000000e+00,-4.742998103391459028e-04
4.166015625000000000e+00,-6.148621916199955694e-04
4.166992187500000000e+00,-7.548464726719875855e-04
4.167968750000000000e+00,-8.941210387267794872e-04
4.168945312500000000e+00,-1.032554942297913723e-03
4.169921875000000000e+00,-1.170018026299092344e-03
4.170898437500000000e+00,-1.306381046419307756e-03
4.171875000000000000e+00,-1.441515792639772378e-03
4.172851562500000000e+00,-1.575295209778396254e-03
4.173828125000000000e+00,-1.707593516948472615e-03
4.174804687500000000e+00,-1.838286325819258899e-03
4.175781250000000000e+00,-1.967250757567259173e-03
4.176757812500000000e+00,-2.094365558408253173e-03
4.177734375000000000e+00,-2.219511213601443791e-03
4.178710937500000000e+00,-2.342570059818537692e-03
4.179687500000000000e+00,-2.463426395772106824e-03
4.180664062500000000e+00,-2.581966590999218956e-03
4.181640625000000000e+00,-2.698079192698052756e-03
4.182617187500000000e+00,-2.811655030517056474e-03
4.183593750000000000e+00,-2.922587319198117518e-03
4.184570312500000000e+00,-3.030771758977242412e-03
4.185546875000000000e+00,-3.136106633648349119e-03
4.186523437500000000e+00,-3.238492906197966426e-03
4.187500000000000000e+00,-3.337834311920930951e-03
4.188476562500000000e+00,-3.434037448929524658e-03
4.189453125000000000e+00,-3.527011865970963809e-03
4.190429687500000000e+00,-3.616670147470665668e-03
4.191406250000000000e+00,-3.702927995721338669e-03
4.192382812500000000e+00,-3.785704310140617593e-03
4.193359375000000000e+00,-3.864921263522729140e-03
4.194335937500000000e+00,-3.940504375212488739e-03
4.195312500000000000e+00,-4.012382581132839000e-03
4.196289062500000000e+00,-4.080488300600077119e-03
4.197265625000000000e+00,-4.144757499863961636e-03
4.198242187500000000e+00,-4.205129752312955146e-03
4.199218750000000000e+00,-4.261548295287987190e-03
4.200195312500000000e+00,-4.313960083451339085e-03
4.201171875000000000e+00,-4.362315838660452139e-03
4.202148437500000000e+00,-4.406570096299785265e-03
4.203125000000000000e+00,-4.446681248027147502e-03
4.204101562500000000e+00,-4.482611580894321421e-03
4.205078125000000000e+00,-4.514327312805194344e-03
4.206054687500000000e+00,-4.541798624278057736e-03
4.207031250000000000e+00,-4.564999686482214963e-03
4.208007812500000000e+00,-4.583908685522531355e-03
4.208984375000000000e+00,-4.598507842949101088e-03
4.209960937500000000e+00,-4.608783432472742490e-03
4.210937500000000000e+00,-4.614725792870605185e-03
4.211914062500000000e+00,-4.616329337069759869e-03
4.212890625000000000e+00,-4.613592557400226363e-03
4.213867187500000000e+00,-4.606518027012500294e-03
4.214843750000000000e+00,-4.595112397458249627e-03
4.215820312500000000e+00,-4.579386392436451785e-03
4.216796875000000000e+00,-4.559354797710853807e-03
4.217773437500000000e+00,-4.535036447208232353e-03
4.218750000000000000e+00,-4.506454205310530745e-03
4.219726562500000000e+00,-4.473634945357510793e-03
4.220703125000000000e+00,-4.436609524380143686e-03
4.221679687500000000e+00,-4.395412754088487417e-03
4.222656250000000000e+00,-4.350083368141333638e-03
4.223632812500000000e+00,-4.300663985728391848e-03
4.224609375000000000e+00,-4.247201071499256964e-03
4.225585937500000000e+00,-4.189744891876832390e-03
4.226562500000000000e+00,-4.128349467796284256e-03
4.227539062500000000e+00,-4.063072523913958262e-03
4.228515625000000000e+00,-3.993975434334022176e-03
4.229492187500000000e+00,-3.921123164903855644e-03
4.230468750000000000e+00,-3.844584212132438634e-03
4.231445312500000000e+00,-3.764430538789179971e-03
4.232421875000000000e+00,-3.680737506243725223e-03
4.233398437500000000e+00,-3.593583803610363170e-03
4.234375000000000000e+00,-3.503051373763651187e-03
4.235351562500000000e+00,-3.409225336294819785e-03
4.236328125000000000e+00,-3.312193907481390115e-03
4.237304687500000000e+00,-3.212048317345256310e-03
4.238281250000000000e+00,-3.108882723877210656e-03
4.239257812500000000e+00,-3.002794124508558447e-03
4.240234375000000000e+00,-2.893882264913062372e-03
4.241210937500000000e+00,-2.782249545224956856e-03
4.242187500000000000e+00,-2.668000923761209252e-03
4.243164062500000000e+00,-2.551243818338552218e-03
4.244140625000000000e+00,-2.432088005278062928e-03
4.245117187500000000e+00,-2.310645516192253498e-03
4.246093750000000000e+00,-2.187030532651710463e-03
4.247070312500000000e+00,-2.061359278830320399e-03
4.248046875000000000e+00,-1.933749912230016584e-03
4.249023437500000000e+00,-1.804322412587789585e-03
4.250000000000000000e+00,-1.673198469069412525e-03
4.250976562500000000e+00,-1.540501365855942223e-03
4.251953125000000000e+00,-1.406355866230569454e-03
4.252929687500000000e+00,-1.270888095274801252e-03
4.253906250000000000e+00,-1.134225421284265059e-03
4.254882812500000000e+00,-9.964963360156293103e-04
4.255859375000000000e+00,-8.578303338772333333e-04
4.256835937500000000e+00,-7.183577901770138614e-04
4.257812500000000000e+00,-5.782098385421986699e-04
4.258789062500000000e+00,-4.375182476260214347e-04
4.259765625000000000e+00,-2.964152972173770802e-04
4.260742187500000000e+00,-1.550336538699023734e-04
4.261718750000000000e+00,-1.350624616741556944e-05
4.262695312500000000e+00,1.280338602570073108e-04
4.263671875000000000e+00,2.694535878308114895e-04
4.264648437500000000e+00,4.106199721629681621e-04
4.265625000000000000e+00,5.514002870585645944e-04
4.266601562500000000e+00,6.916621693094396296e-04
4.267578125000000000e+00,8.312737431435352018e-04
4.268554687500000000e+00,9.701037442159546418e-04
4.269531250000000000e+00,1.108021643025150970e-03
4.270507812500000000e+00,1.244897767638206924e-03
4.271484375000000000e+00,1.380603425609819301e-03
4.272460937500000000e+00,1.515011024980359063e-03
4.273437500000000000e+00,1.647994194239241726e-03
4.274414062500000000e+00,1.779427901140818308e-03
4.275390625000000000e+00,1.909188570261075371e-03
4.276367187500000000e+00,2.037154199184613903e-03
4.277343750000000000e+00,2.163204473212668871e-03
4.278320312500000000e+00,2.287220878484319542e-03
4.279296875000000000e+00,2.409086813404531183e-03
4.280273437500000000e+00,2.528687698274262579e-03
4.281250000000000000e+00,2.645911083019567272e-03
4.282226562500000000e+00,2.760646752918394578e-03
4.283203125000000000e+00,2.872786832225690274e-03
4.284179687500000000e+00,2.982225885599364482e-03
4.285156250000000000e+00,3.088861017231765531e-03
4.286132812500000000e+00,3.192591967593455711e-03
4.287109375000000000e+00,3.293321207698328250e-03
4.288085937500000000e+00,3.390954030801439801e-03
4.289062500000000000e+00,3.485398641443337477e-03
4.290039062500000000e+00,3.576566241757165275e-03
4.291015625000000000e+00,3.664371114957398669e-03
4.291992187500000000e+00,3.748730705931715892e-03
4.292968750000000000e+00,3.829565698860225385e-03
4.293945312500000000e+00,3.906800091789077410e-03
4.294921875000000000e+00,3.980361268088339691e-03
4.295898437500000000e+00,4.050180064726957747e-03
4.296875000000000000e+00,4.116190837300598253e-03
4.297851562500000000e+00,4.178331521751247647e-03
4.298828125000000000e+00,4.236543692720520435e-03
4.299804687500000000e+00,4.290772618481831710e-03
4.300781250000000000e+00,4.340967312399767776e-03
4.301757812500000000e+00,4.387080580868287297e-03
4.302734375000000000e+00,4.429069067682669253e-03
4.303710937500000000e+00,4.466893294803497144e-03
4.304687500000000000e+00,4.500517699474346385e-03
4.305664062500000000e+00,4.529910667658282666e-03
4.306640625000000000e+00,4.555044563761728553e-03
4.307617187500000000e+00,4.575895756617752788e-03
4.308593750000000000e+00,4.592444641704356532e-03
4.309570312500000000e+00,4.604675659576860924e-03
4.310546875000000000e+00,4.612577310497067810e-03
4.311523437500000000e+00,4.616142165245442491e-03
4.312500000000000000e+00,4.615366872106146934e-03
4.313476562500000000e+00,4.610252160018360121e-03
4.314453125000000000e+00,4.600802837890921766e-03
4.315429687500000000e+00,4.587027790080942975e-03
4.316406250000000000e+00,4.568939968040635659e-03
4.317382812500000000e+00,4.546556378140212927e-03
4.318359375000000000e+00,4.519898065678313107e-03
4.319335937500000000e+00,4.488990095094977026e-03
4.320312500000000000e+00,4.453861526405784345e-03
4.321289062500000000e+00,4.414545387879305685e-03
4.322265625000000000e+00,4.371078644983559212e-03
4.323242187500000000e+00,4.323502165630669671e-03
4.324218750000000000e+00,4.271860681752404250e-03
4.325195312500000000e+00,4.216202747242717846e-03
4.326171875000000000e+00,4.156580692306843794e-03
4.327148437500000000e+00,4.093050574259856668e-03
4.328125000000000000e+00,4.025672124820967035e-03
4.329101562500000000e+00,3.954508693953095316e-03
4.330078125000000000e+00,3.879627190300538424e-03
4.331054687500000000e+00,3.801098018280723873e-03
4.332031250000000000e+00,3.718995011889195904e-03
4.333007812500000000e+00,3.633395365280078521e-03
4.333984375000000000e+00,3.544379560187277921e-03
4.334960937500000000e+00,3.452031290254666158e-03
4.335937500000000000e+00,3.356437382346393571e-03
4.336914062500000000e+00,3.257687714911309401e-03
4.337890625000000000e+00,3.155875133478252582e-03
4.338867187500000000e+00,3.051095363361658232e-03
4.339843750000000000e+00,2.943446919659559180e-03
4.340820312500000000e+00,2.833031014628601459e-03
4.341796875000000000e+00,2.719951462523162531e-03
4.342773437500000000e+00,2.604314581988041895e-03
4.343750000000000000e+00,2.486229096096494867e-03
4.344726562500000000e+00,2.365806030127599012e-03
4.345703125000000000e+00,2.243158607179058638e-03
4.346679687500000000e+00,2.118402141713596285e-03
4.347656250000000000e+00,1.991653931139021703e-03
4.348632812500000000e+00,1.863033145523911331e-03
4.349609375000000000e+00,1.732660715552593106e-03
4.350585937500000000e+00,1.600659218824780064e-03
4.351562500000000000e+00,1.467152764606756594e-03
4.352539062500000000e+00,1.332266877142474024e-03
4.353515625000000000e+00,1.196128377634269420e-03
4.354492187500000000e+00,1.058865265004168979e-03
4.355468750000000000e+00,9.206065955478868589e-04
4.356445312500000000e+00,7.814823615946693645e-04
4.357421875000000000e+00,6.416233692870703439e-04
4.358398437500000000e+00,5.011611155955700845e-04
4.359375000000000000e+00,3.602276646836698312e-04
4.360351562500000000e+00,2.189555237397059352e-04
4.361328125000000000e+00,7.747751839212653783e-05
4.362304687500000000e+00,-6.407333217463246711e-05
4.363281250000000000e+00,-2.055639402862549149e-04
4.364257812500000000e+00,-3.468612749090468732e-04
4.365234375000000000e+00,-4.878324867271849243e-04
4.366210937500000000e+00,-6.283450330491112878e-04
4.367187500000000000e+00,-7.682668024256375256e-04
4.368164062500000000e+00,-9.074662388625894319e-04
4.369140625000000000e+00,-1.045812465511206752e-03
4.370117187500000000e+00,-1.183175407720003010e-03
4.371093750000000000e+00,-1.319425915332390550e-03
4.372070312500000000e+00,-1.454435884115085629e-03
4.373046875000000000e+00,-1.588078376203124354e-03
4.374023437500000000e+00,-1.720227739448246078e-03
4.375000000000000000e+00,-1.850759725558432777e-03
4.375976562500000000e+00,-1.979551606917525752e-03
4.376953125000000000e+00,-2.106482291975087136e-03
4.377929687500000000e+00,-2.231432439098015100e-03
4.378906250000000000e+00,-2.354284568776864473e-03
4.379882812500000000e+00,-2.474923174081382089e-03
4.380859375000000000e+00,-2.593234829261398082e-03
4.381835937500000000e+00,-2.709108296390969929e-03
4.382812500000000000e+00,-2.822434629955510900e-03
4.383789062500000000e+00,-2.933107279283566227e-03
4.384765625000000000e+00,-3.041022188726932082e-03
4.385742187500000000e+00,-3.146077895494927071e-03
4.386718750000000000e+00,-3.248175625050829084e-03
4.387695312500000000e+00,-3.347219383980785772e-03
4.388671875000000000e+00,-3.443116050247884384e-03
4.389648437500000000e+00,-3.535775460746519612e-03
4.390625000000000000e+00,-3.625110496074742446e-03
4.391601562500000000e+00,-3.711037162444884730e-03
4.392578125000000000e+00,-3.793474670655445913e-03
4.393554687500000000e+00,-3.872345512049994980e-03
4.394531250000000000e+00,-3.947575531391664221e-03
4.395507812500000000e+00,-4.019093996584724091e-03
4.396484375000000000e+00,-4.086833665177680083e-03
4.397460937500000000e+00,-4.150730847585369122e-03
4.398437500000000000e+00,-4.210725466970613451e-03
4.399414062500000000e+00,-4.266761115729124192e-03
4.400390625000000000e+00,-4.318785108524556861e-03
4.401367187500000000e+00,-4.366748531823843801e-03
4.402343750000000000e+00,-4.410606289886242690e-03
4.403320312500000000e+00,-4.450317147162846654e-03
4.404296875000000000e+00,-4.485843767066706803e-03
4.405273437500000000e+00,-4.517152747077099809e-03
4.406250000000000000e+00,-4.544214650144950442e-03
4.407226562500000000e+00,-4.567004032369869314e-03
4.408203125000000000e+00,-4.585499466922789320e-03
4.409179687500000000e+00,-4.599683564191706618e-03
4.410156250000000000e+00,-4.609542988131587297e-03
4.411132812500000000e+00,-4.615068468803063158e-03
4.412109375000000000e+00,-4.616254811088131745e-03
4.413085937500000000e+00,-4.613100899574663211e-03
4.414062500000000000e+00,-4.605609699605124792e-03
4.415039062500000000e+00,-4.593788254488529767e-03
4.416015625000000000e+00,-4.577647678878244211e-03
4.416992187500000000e+00,-4.557203148321864461e-03
4.417968750000000000e+00,-4.532473884993000295e-03
4.418945312500000000e+00,-4.503483139618374986e-03
4.419921875000000000e+00,-4.470258169617235579e-03
4.420898437500000000e+00,-4.432830213473624645e-03
4.421875000000000000e+00,-4.391234461365613184e-03
4.422851562500000000e+00,-4.345510022079106249e-03
4.423828125000000000e+00,-4.295699886237330095e-03
4.424804687500000000e+00,-4.241850885880572158e-03
4.425781250000000000e+00,-4.184013650434180789e-03
4.426757812500000000e+00,-4.122242559106219575e-03
4.427734375000000000e+00,-4.056595689759532990e-03
4.428710937500000000e+00,-3.987134764306299491e-03
4.429687500000000000e+00,-3.913925090676406877e-03
4.430664062500000000e+00,-3.837035501414216062e-03
4.431640625000000000e+00,-3.756538288961439650e-03
4.432617187500000000e+00,-3.672509137686991165e-03
4.433593750000000000e+00,-3.585027052727703459e-03
4.434570312500000000e+00,-3.494174285706826751e-03
4.435546875000000000e+00,-3.400036257400142811e-03
4.436523437500000000e+00,-3.302701477422407932e-03
4.437500000000000000e+00,-3.202261461009633763e-03
4.438476562500000000e+00,-3.098810642975451980e-03
4.439453125000000000e+00,-2.992446288922458175e-03
4.440429687500000000e+00,-2.883268403792016779e-03
4.441406250000000000e+00,-2.771379637838510771e-03
4.442382812500000000e+00,-2.656885190116436805e-03
4.443359375000000000e+00,-2.539892709571092179e-03
4.444335937500000000e+00,-2.420512193825846529e-03
4.445312500000000000e+00,-2.298855885761159554e-03
4.446289062500000000e+00,-2.175038167982585539e-03
4.447265625000000000e+00,-2.049175455276982648e-03
4.448242187500000000e+00,-1.921386085158042914e-03
4.449218750000000000e+00,-1.791790206604054964e-03
4.450195312500000000e+00,-1.660509667092505918e-03
4.451171875000000000e+00,-1.527667898037736102e-03
4.452148437500000000e+00,-1.393389798739359461e-03
4.453125000000000000e+00,-1.257801618950561391e-03
4.454101562500000000e+00,-1.121030840176685025e-03
4.455078125000000000e+00,-9.832060558157109179e-04
4.456054687500000000e+00,-8.444568502533229826e-04
4.457031250000000000e+00,-7.049136770262366593e-04
4.458007812500000000e+00,-5.647077361683417937e-04
4.458984375000000000e+00,-4.239708508549804066e-04
4.459960937500000000e+00,-2.828353434613403673e-04
4.460937500000000000e+00,-1.414339111514955336e-04
4.461914062500000000e+00,1.004988849346406202e-07
4.462890625000000000e+00,1.416348144312023485e-04
4.463867187500000000e+00,2.830359633594004476e-04
4.464843750000000000e+00,4.241709987463480750e-04
4.465820312500000000e+00,5.649072238717573044e-04
4.466796875000000000e+00,7.051123169811563101e-04
4.467773437500000000e+00,8.446544556962654656e-04
4.468750000000000000e+00,9.834024409558544868e-04
4.469726562500000000e+00,1.121225820370550354e-03
4.470703125000000000e+00,1.257995010875614895e-03
4.471679687500000000e+00,1.393581420566375635e-03
4.472656250000000000e+00,1.527857569601754955e-03
4.473632812500000000e+00,1.660697210062226552e-03
4.474609375000000000e+00,1.791975444649504404e-03
4.475585937500000000e+00,1.921568844116363197e-03
4.476562500000000000e+00,2.049355563316181128e-03
4.477539062500000000e+00,2.175215455763092939e-03
4.478515625000000000e+00,2.299030186595044621e-03
4.479492187500000000e+00,2.420683343833538760e-03
4.480468750000000000e+00,2.540060547835462992e-03
4.481445312500000000e+00,2.657049558834094754e-03
4.482421875000000000e+00,2.771540382468170704e-03
4.483398437500000000e+00,2.883425373199801148e-03
4.484375000000000000e+00,2.992599335523994739e-03
4.485351562500000000e+00,3.098959622874634338e-03
4.486328125000000000e+00,3.202406234133913735e-03
4.487304687500000000e+00,3.302841907654493602e-03
4.488281250000000000e+00,3.400172212705978182e-03
4.489257812500000000e+00,3.494305638259730291e-03
4.490234375000000000e+00,3.585153679028553215e-03
4.491210937500000000e+00,3.672630918680339345e-03
4.492187500000000000e+00,3.756655110147450426e-03
4.493164062500000000e+00,3.837147252956318606e-03
4.494140625000000000e+00,3.914031667504566485e-03
4.495117187500000000e+00,3.987236066215803579e-03
4.496093750000000000e+00,4.056691621505206964e-03
4.497070312500000000e+00,4.122333030491975858e-03
4.498046875000000000e+00,4.184098576397822511e-03
4.499023437500000000e+00,4.241930186573769114e-03
4.500000000000000000e+00,4.295773487100694107e-03
4.500976562500000000e+00,4.345577853912293079e-03
4.501953125000000000e+00,4.391296460392383333e-03
4.502929687500000000e+00,4.432886321401807543e-03
4.503906250000000000e+00,4.470308333693537306e-03
4.504882812500000000e+00,4.503527312677975750e-03
4.505859375000000000e+00,4.532512025503900900e-03
4.506835937500000000e+00,4.557235220423935806e-03
4.507812500000000000e+00,4.577673652416940769e-03
4.508789062500000000e+00,4.593808105043243641e-03
4.509765625000000000e+00,4.605623408512144780e-03
4.510742187500000000e+00,4.613108453944724137e-03
4.511718750000000000e+00,4.616256203818530635e-03
4.512695312500000000e+00,4.615063698584339659e-03
4.513671875000000000e+00,4.609532059448753598e-03
4.514648437500000000e+00,4.599666487320031201e-03
4.515625000000000000e+00,4.585476257918135422e-03
4.516601562500000000e+00,4.566974713053600227e-03
4.517578125000000000e+00,4.544179248083411206e-03
4.518554687500000000e+00,4.517111295555700443e-03
4.519531250000000000e+00,4.485796305058625290e-03
4.520507812500000000e+00,4.450263719292388113e-03
4.521484375000000000e+00,4.410546946386880753e-03
4.522460937500000000e+00,4.366683328490992763e-03
4.523437500000000000e+00,4.318714106663111042e-03
4.524414062500000000e+00,4.266684382095819149e-03
4.525390625000000000e+00,4.210643073711258476e-03
4.526367187500000000e+00,4.150642872167017820e-03
4.527343750000000000e+00,4.086740190315792803e-03
4.528320312500000000e+00,4.018995110165400272e-03
4.529296875000000000e+00,3.947471326389007974e-03
4.530273437500000000e+00,3.872236086438701069e-03
4.531250000000000000e+00,3.793360127318683769e-03
4.532226562500000000e+00,3.710917609077565502e-03
4.533203125000000000e+00,3.624986045082264057e-03
4.534179687500000000e+00,3.535646229139080467e-03
4.535156250000000000e+00,3.442982159530470244e-03
4.536132812500000000e+00,3.347080960038929104e-03
4.537109375000000000e+00,3.248032798032250180e-03
4.538085937500000000e+00,3.145930799687167521e-03
4.539062500000000000e+00,3.040870962431095961e-03
4.540039062500000000e+00,2.932952064684288696e-03
4.541015625000000000e+00,2.822275572987273905e-03
4.541992187500000000e+00,2.708945546600892949e-03
4.542968750000000000e+00,2.593068539668632721e-03
4.543945312500000000e+00,2.474753501033241480e-03
4.544921875000000000e+00,2.354111671801823683e-03
4.545898437500000000e+00,2.231256480755721295e-03
4.546875000000000000e+00,2.106303437703518737e-03
4.547851562500000000e+00,1.979370024877445851e-03
4.548828125000000000e+00,1.850575586475282754e-03
4.549804687500000000e+00,1.720041216451627082e-03
4.550781250000000000e+00,1.587889644664019530e-03
4.551757812500000000e+00,1.454245121480974212e-03
4.552734375000000000e+00,1.319233300960409539e-03
4.553710937500000000e+00,1.182981122708314046e-03
4.554687500000000000e+00,1.045616692528725418e-03
4.555664062500000000e+00,9.072691619772377649e-04
4.556640625000000000e+00,7.680686069312814973e-04
4.557617187500000000e+00,6.281459052913453437e-04
4.558593750000000000e+00,4.876326139281280032e-04
4.559570312500000000e+00,3.466608449913139442e-04
4.560546875000000000e+00,2.053631416962699980e-04
4.561523437500000000e+00,6.387235370544934367e-05
4.562500000000000000e+00,-7.767848777832963344e-05
4.563476562500000000e+00,-2.191562950892907309e-04
4.564453125000000000e+00,-3.604280492291942741e-04
4.565429687500000000e+00,-5.013609249332695800e-04
4.566406250000000000e+00,-6.418224155539970378e-04
4.567382812500000000e+00,-7.816804576453228797e-04
4.568359375000000000e+00,-9.208035551301707675e-04
4.569335937500000000e+00,-1.059060902934507017e-03
4.570312500000000000e+00,-1.196322509971717079e-03
4.571289062500000000e+00,-1.332459321361661704e-03
4.572265625000000000e+00,-1.467343339769502106e-03
4.573242187500000000e+00,-1.600847745750209059e-03
4.574218750000000000e+00,-1.732847016985606314e-03
4.575195312500000000e+00,-1.863217046301842263e-03
4.576171875000000000e+00,-1.991835258356326310e-03
4.577148437500000000e+00,-2.118580724884420400e-03
4.578125000000000000e+00,-2.243334278397531197e-03
4.579101562500000000e+00,-2.365978624225698827e-03
4.580078125000000000e+00,-2.486398450799343074e-03
4.581054687500000000e+00,-2.604480538066474785e-03
4.582031250000000000e+00,-2.720113863943441224e-03
4.583007812500000000e+00,-2.833189708699115298e-03
4.583984375000000000e+00,-2.943601757174388843e-03
4.584960937500000000e+00,-3.051246198740861088e-03
4.585937500000000000e+00,-3.156021824904737573e-03
4.586914062500000000e+00,-3.257830124464175699e-03
4.587890625000000000e+00,-3.356575376130605491e-03
4.588867187500000000e+00,-3.452164738526942913e-03
4.589843750000000000e+00,-3.544508337478078502e-03
4.590820312500000000e+00,-3.633519350511571142e-03
4.591796875000000000e+00,-3.719114088489095318e-03
4.592773437500000000e+00,-3.801212074291894678e-03
4.593750000000000000e+00,-3.879736118486258514e-03
4.594726562500000000e+00,-3.954612391897880178e-03
4.595703125000000000e+00,-4.025770495026862947e-03
4.596679687500000000e+00,-4.093143524238109128e-03
4.597656250000000000e+00,-4.156668134664854436e-03
4.598632812500000000e+00,-4.216284599766215689e-03
4.599609375000000000e+00,-4.271936867482742373e-03
4.600585937500000000e+00,-4.323572612937182265e-03
4.601562500000000000e+00,-4.371143287630910486e-03
4.602539062500000000e+00,-4.414604165089762965e-03
4.603515625000000000e+00,-4.453914382916365072e-03
4.604492187500000000e+00,-4.489036981209405461e-03
4.605468750000000000e+00,-4.519938937313745971e-03
4.606445312500000000e+00,-4.546591196868687151e-03
4.607421875000000000e+00,-4.568968701125198338e-03
4.608398437500000000e+00,-4.587050410506430566e-03
4.609375000000000000e+00,-4.600819324389359907e-03
4.610351562500000000e+00,-4.610262497088960659e-03
4.611328125000000000e+00,-4.615371050029881336e-03
4.612304687500000000e+00,-4.616140180094181235e-03
4.613281250000000000e+00,-4.612569164137271874e-03
4.614257812500000000e+00,-4.604661359667827983e-03
4.615234375000000000e+00,-4.592424201691019253e-03
4.616210937500000000e+00,-4.575869195718037033e-03
4.617187500000000000e+00,-4.555011906948486233e-03
4.618164062500000000e+00,-4.529871945635810526e-03
4.619140625000000000e+00,-4.500472948649518468e-03
4.620117187500000000e+00,-4.466842557251533494e-03
4.621093750000000000e+00,-4.429012391107577280e-03
4.622070312500000000e+00,-4.387018018558008770e-03
4.623046875000000000e+00,-4.340898923176078270e-03
4.624023437500000000e+00,-4.290698466645035021e-03
4.625000000000000000e+00,-4.236463847988993468e-03
4.625976562500000000e+00,-4.178246059195889553e-03
4.626953125000000000e+00,-4.116099837274248864e-03
4.627929687500000000e+00,-4.050083612788846904e-03
4.628906250000000000e+00,-3.980259454923646377e-03
4.629882812500000000e+00,-3.906693013123663759e-03
4.630859375000000000e+00,-3.829453455370636621e-03
4.631835937500000000e+00,-3.748613403150521245e-03
4.632812500000000000e+00,-3.664248863173969958e-03
4.633789062500000000e+00,-3.576439155913980344e-03
4.634765625000000000e+00,-3.485266841027911261e-03
4.635742187500000000e+00,-3.390817639733979295e-03
4.636718750000000000e+00,-3.293180354215222844e-03
4.637695312500000000e+00,-3.192446784126706967e-03
4.638671875000000000e+00,-3.088711640284473939e-03
4.639648437500000000e+00,-2.982072455617386809e-03
4.640625000000000000e+00,-2.872629493465591547e-03
4.641601562500000000e+00,-2.760485653311816126e-03
4.642578125000000000e+00,-2.645746374034140067e-03
4.643554687500000000e+00,-2.528519534771195114e-03
4.644531250000000000e+00,-2.408915353493007623e-03
4.645507812500000000e+00,-2.287046283372844331e-03
4.646484375000000000e+00,-2.163026907057495271e-03
4.647460937500000000e+00,-2.036973828935403907e-03
4.648437500000000000e+00,-1.909005565503931086e-03
4.649414062500000000e+00,-1.779242433938835275e-03
4.650390625000000000e+00,-1.647806438970733168e-03
4.651367187500000000e+00,-1.514821158174903910e-03
4.652343750000000000e+00,-1.380411625782286674e-03
4.653320312500000000e+00,-1.244704215120914694e-03
4.654296875000000000e+00,-1.107826519798315408e-03
4.655273437500000000e+00,-9.699072337365902997e-04
4.656250000000000000e+00,-8.310760301729669180e-04
4.657226562500000000e+00,-6.914634397395877504e-04
4.658203125000000000e+00,-5.512007277371673564e-04
4.659179687500000000e+00,-4.104197707179052697e-04
4.660156250000000000e+00,-2.692529324936945010e-04
4.661132812500000000e+00,-1.278329396862020926e-04
4.662109375000000000e+00,1.370724306416748993e-05
4.663085937500000000e+00,1.552345381130969672e-04
4.664062500000000000e+00,2.966158799334283865e-04
4.665039062500000000e+00,4.377183402248426827e-04
4.666015625000000000e+00,5.784092528945167407e-04
4.666992187500000000e+00,7.185563387912504481e-04
4.667968750000000000e+00,8.580278300757868907e-04
4.668945312500000000e+00,9.966925941103908521e-04
4.669921875000000000e+00,1.134420256751204632e-03
4.670898437500000000e+00,1.271081324927459148e-03
4.671875000000000000e+00,1.406547308392290399e-03
4.672851562500000000e+00,1.540690840530689696e-03
4.673828125000000000e+00,1.673385798111003174e-03
4.674804687500000000e+00,1.804507419867387719e-03
4.675781250000000000e+00,1.933932423801733042e-03
4.676757812500000000e+00,2.061539123094757731e-03
4.677734375000000000e+00,2.187207540517303699e-03
4.678710937500000000e+00,2.310819521234250620e-03
4.679687500000000000e+00,2.432258843895000397e-03
4.680664062500000000e+00,2.551411329906074204e-03
4.681640625000000000e+00,2.668164950783088324e-03
4.682617187500000000e+00,2.782409933481173447e-03
4.683593750000000000e+00,2.894038863604805542e-03
4.684570312500000000e+00,3.002946786400007440e-03
4.685546875000000000e+00,3.109031305433967562e-03
4.686523437500000000e+00,3.212192678869299316e-03
4.687500000000000000e+00,3.312333913242418090e-03
4.688476562500000000e+00,3.409360854657868950e-03
4.689453125000000000e+00,3.503182277312858958e-03
4.690429687500000000e+00,3.593709969268765129e-03
4.691406250000000000e+00,3.680858815388975049e-03
4.692382812500000000e+00,3.764546877365078283e-03
4.693359375000000000e+00,3.844695470756170127e-03
4.694335937500000000e+00,3.921229238968832603e-03
4.695312500000000000e+00,3.994076224108237226e-03
4.696289062500000000e+00,4.063167934633750943e-03
4.697265625000000000e+00,4.128439409755441623e-03
4.698242187500000000e+00,4.189829280510930405e-03
4.699218750000000000e+00,4.247279827465168071e-03
4.700195312500000000e+00,4.300737034978886764e-03
4.701171875000000000e+00,4.350150641994700133e-03
4.702148437500000000e+00,4.395474189293104537e-03
4.703125000000000000e+00,4.436665063173953275e-03
4.704101562500000000e+00,4.473684535522324743e-03
4.705078125000000000e+00,4.506497800221128010e-03
4.706054687500000000e+00,4.535074005876196281e-03
4.707031250000000000e+00,4.559386284823109016e-03
4.708007812500000000e+00,4.579411778388467642e-03
4.708984375000000000e+00,4.595131658381873020e-03
4.709960937500000000e+00,4.606531144798398612e-03
4.710937500000000000e+00,4.613599519714912077e-03
4.711914062500000000e+00,4.616330137367188023e-03
4.712890625000000000e+00,4.614720430398326460e-03
4.713867187500000000e+00,4.608771912272612709e-03
4.714843750000000000e+00,4.598490175852540211e-03
4.715820312500000000e+00,4.583884888140338058e-03
4.716796875000000000e+00,4.564969781188951518e-03
4.717773437500000000e+00,4.541762639191011287e-03
4.718750000000000000e+00,4.514285281757941456e-03
4.719726562500000000e+00,4.482563543404917590e-03
4.720703125000000000e+00,4.446627249260971110e-03
4.721679687500000000e+00,4.406510187027073283e-03
4.722656250000000000e+00,4.362250075208564878e-03
4.723632812500000000e+00,4.313888527651800822e-03
4.724609375000000000e+00,4.261471014418352111e-03
4.725585937500000000e+00,4.205046819033550660e-03
4.726562500000000000e+00,4.144668992149574092e-03
4.727539062500000000e+00,4.080394301666637191e-03
4.728515625000000000e+00,4.012283179359183924e-03
4.729492187500000000e+00,3.940399664057264717e-03
4.730468750000000000e+00,3.864811341436520664e-03
4.731445312500000000e+00,3.785589280473385630e-03
4.732421875000000000e+00,3.702807966625247527e-03
4.733398437500000000e+00,3.616545231798398707e-03
4.734375000000000000e+00,3.526882181169616482e-03
4.735351562500000000e+00,3.433903116930180684e-03
4.736328125000000000e+00,3.337695459024020948e-03
4.737304687500000000e+00,3.238349662954519148e-03
4.738281250000000000e+00,3.135959134737245028e-03
4.739257812500000000e+00,3.030620143078588402e-03
4.740234375000000000e+00,2.922431728862856862e-03
4.741210937500000000e+00,2.811495612032942348e-03
4.742187500000000000e+00,2.697916095952105926e-03
4.743164062500000000e+00,2.581799969336802739e-03
4.744140625000000000e+00,2.463256405852750318e-03
4.745117187500000000e+00,2.342396861468641709e-03
4.746093750000000000e+00,2.219334969664011736e-03
4.747070312500000000e+00,2.094186434589783048e-03
4.748046875000000000e+00,1.967068922281945027e-03
4.749023437500000000e+00,1.838101950030645703e-03
4.750000000000000000e+00,1.707406774008714831e-03
4.750976562500000000e+00,1.575106275265269725e-03
4.751953125000000000e+00,1.441324844191595005e-03
4.752929687500000000e+00,1.306188263567920971e-03
4.753906250000000000e+00,1.169823590301064063e-03
4.754882812500000000e+00,1.032359035964118456e-03
4.755859375000000000e+00,8.939238462505176043e-04
4.756835937500000000e+00,7.546481794558049412e-04
4.757812500000000000e+00,6.146629841013658046e-04
4.758789062500000000e+00,4.740998758151798893e-04
4.759765625000000000e+00,3.330910135853533145e-04
4.760742187500000000e+00,1.917689755027771189e-04
4.761718750000000000e+00,5.026663410974063708e-05
4.762695312500000000e+00,-9.128296852830129911e-05
4.763671875000000000e+00,-2.327467459103488789e-04
4.764648437500000000e+00,-3.739916922292567218e-04
4.765625000000000000e+00,-5.148850074252637197e-04
4.766601562500000000e+00,-6.552942220460773303e-04
4.767578125000000000e+00,-7.950873217961166488e-04
4.768554687500000000e+00,-9.341328716578123966e-04
4.769531250000000000e+00,-1.072300139468263533e-03
4.770507812500000000e+00,-1.209459218835061151e-03
4.771484375000000000e+00,-1.345481151275715196e-03
4.772460937500000000e+00,-1.480238047465844880e-03
4.773437500000000000e+00,-1.613603207482134901e-03
4.774414062500000000e+00,-1.745451239927004339e-03
4.775390625000000000e+00,-1.875658179822983860e-03
4.776367187500000000e+00,-2.004101605165958463e-03
4.777343750000000000e+00,-2.130660752027688318e-03
4.778320312500000000e+00,-2.255216628099389765e-03
4.779296875000000000e+00,-2.377652124569618573e-03
4.780273437500000000e+00,-2.497852126231268986e-03
4.781250000000000000e+00,-2.615703619714164138e-03
4.782226562500000000e+00,-2.731095799741475958e-03
4.783203125000000000e+00,-2.843920173310070503e-03
4.784179687500000000e+00,-2.954070661696829754e-03
4.785156250000000000e+00,-3.061443700195038732e-03
4.786132812500000000e+00,-3.165938335487068333e-03
4.787109375000000000e+00,-3.267456320561799507e-03
4.788085937500000000e+00,-3.365902207087549409e-03
4.789062500000000000e+00,-3.461183435153647979e-03
4.790039062500000000e+00,-3.553210420296289748e-03
4.791015625000000000e+00,-3.641896637726835251e-03
4.791992187500000000e+00,-3.727158703683375405e-03
4.792968750000000000e+00,-3.808916453829064904e-03
4.793945312500000000e+00,-3.887093018623518845e-03
4.794921875000000000e+00,-3.961614895596403049e-03
4.795898437500000000e+00,-4.032412018455270274e-03
4.796875000000000000e+00,-4.099417822962661724e-03
4.797851562500000000e+00,-4.162569309520539919e-03
4.798828125000000000e+00,-4.221807102403206738e-03
4.799804687500000000e+00,-4.277075505583017266e-03
4.800781250000000000e+00,-4.328322555096399300e-03
4.801757812500000000e+00,-4.375500067900948802e-03
4.802734375000000000e+00,-4.418563687177656275e-03
4.803710937500000000e+00,-4.457472924035680087e-03
4.804687500000000000e+00,-4.492191195580448083e-03
4.805664062500000000e+00,-4.522685859309300178e-03
4.806640625000000000e+00,-4.548928243802329713e-03
4.807617187500000000e+00,-4.570893675679569938e-03
4.808593750000000000e+00,-4.588561502799176975e-03
4.809570312500000000e+00,-4.601915113674805505e-03
4.810546875000000000e+00,-4.610941953093907093e-03
4.811523437500000000e+00,-4.615633533922282317e-03
4.812500000000000000e+00,-4.615985445083780128e-03
4.813476562500000000e+00,-4.611997355707635714e-03
4.814453125000000000e+00,-4.603673015439561922e-03
4.815429687500000000e+00,-4.591020250916291560e-03
4.816406250000000000e+00,-4.574050958406884748e-03
4.817382812500000000e+00,-4.552781092627727205e-03
4.818359375000000000e+00,-4.527230651741727570e-03
4.819335937500000000e+00,-4.497423658555824849e-03
4.820312500000000000e+00,-4.463388137934480235e-03
4.821289062500000000e+00,-4.425156090450388900e-03
4.822265625000000000e+00,-4.382763462297188835e-03
4.823242187500000000e+00,-4.336250111492450515e-03
4.824218750000000000e+00,-4.285659770402729281e-03
4.825195312500000000e+00,-4.231040004625911781e-03
4.826171875000000000e+00,-4.172442168269513071e-03
4.827148437500000000e+00,-4.109921355666979262e-03
4.828125000000000000e+00,-4.043536349577383886e-03
4.829101562500000000e+00,-3.973349565917230763e-03
4.830078125000000000e+00,-3.899426995076317459e-03
4.831054687500000000e+00,-3.821838139872841753e-03
4.832031250000000000e+00,-3.740655950206083370e-03
4.833007812500000000e+00,-3.655956754468104013e-03
4.833984375000000000e+00,-3.567820187778947532e-03
4.834960937500000000e+00,-3.476329117112820534e-03
4.835937500000000000e+00,-3.381569563385647664e-03
4.836914062500000000e+00,-3.283630620577255438e-03
4.837890625000000000e+00,-3.182604371964226683e-03
4.838867187500000000e+00,-3.078585803542188085e-03
4.839843750000000000e+00,-2.971672714718924958e-03
4.840820312500000000e+00,-2.861965626362298135e-03
4.841796875000000000e+00,-2.749567686289413389e-03
4.842773437500000000e+00,-2.634584572285902839e-03
4.843750000000000000e+00,-2.517124392746502778e-03
4.844726562500000000e+00,-2.397297585030346706e-03
4.845703125000000000e+00,-2.275216811626538591e-03
4.846679687500000000e+00,-2.150996854227636181e-03
4.847656250000000000e+00,-2.024754505810634399e-03
4.848632812500000000e+00,-1.896608460826917789e-03
4.849609375000000000e+00,-1.766679203604425152e-03
4.850585937500000000e+00,-1.635088895066952666e-03
4.851562500000000000e+00,-1.501961257877103143e-03
4.852539062500000000e+00,-1.367421460110870802e-03
4.853515625000000000e+00,-1.231595997573233046e-03
4.854492187500000000e+00,-1.094612574865396187e-03
4.855468750000000000e+00,-9.565999853155179042e-04
4.856445312500000000e+00,-8.176879898857966969e-04
4.857421875000000000e+00,-6.780071951697807294e-04
4.858398437500000000e+00,-5.376889305946047724e-04
4.859375000000000000e+00,-3.968651249436114356e-04
4.860351562500000000e+00,-2.556681823154508416e-04
4.861328125000000000e+00,-1.142308576362833844e-04
4.862304687500000000e+00,2.731386815786910824e-05
4.863281250000000000e+00,1.688329131512694150e-04
4.864257812500000000e+00,3.101932195735529734e-04
4.865234375000000000e+00,4.512618789021144460e-04
4.866210937500000000e+00,5.919062568241696860e-04
4.867187500000000000e+00,7.319941179410025846e-04
4.868164062500000000e+00,8.713937500971488193e-04
4.869140625000000000e+00,1.009974088217620129e-03
4.870117187500000000e+00,1.147604837536736564e-03
4.871093750000000000e+00,1.284156596102705231e-03
4.872070312500000000e+00,1.419500976442765808e-03
4.873046875000000000e+00,1.553510726274511802e-03
4.874023437500000000e+00,1.686059848149892501e-03
4.875000000000000000e+00,1.817023717919406941e-03
4.875976562500000000e+00,1.946279201905106327e-03
4.876953125000000000e+00,2.073704772672239124e-03
4.877929687500000000e+00,2.199180623290688825e-03
4.878906250000000000e+00,2.322588779978773405e-03
4.879882812500000000e+00,2.443813213023498989e-03
4.880859375000000000e+00,2.562739945872979409e-03
4.881835937500000000e+00,2.679257162298448545e-03
4.882812500000000000e+00,2.793255311525116164e-03
4.883789062500000000e+00,2.904627211233015791e-03
4.884765625000000000e+00,3.013268148331008003e-03
4.885742187500000000e+00,3.119075977409185071e-03
4.886718750000000000e+00,3.221951216777115164e-03
4.887695312500000000e+00,3.321797141997627229e-03
4.888671875000000000e+00,3.418519876828194758e-03
4.889648437500000000e+00,3.512028481484419113e-03
4.890625000000000000e+00,3.602235038142617175e-03
4.891601562500000000e+00,3.689054733601133170e-03
4.892578125000000000e+00,3.772405939022646908e-03
4.893554687500000000e+00,3.852210286682509772e-03
4.894531250000000000e+00,3.928392743650945679e-03
4.895507812500000000e+00,4.000881682339839547e-03
4.896484375000000000e+00,4.069608947847790439e-03
4.897460937500000000e+00,4.134509922040099407e-03
4.898437500000000000e+00,4.195523584303456795e-03
4.899414062500000000e+00,4.252592568918196758e-03
4.900390625000000000e+00,4.305663218994179933e-03
4.901367187500000000e+00,4.354685636919594822e-03
4.902343750000000000e+00,4.399613731275246221e-03
4.903320312500000000e+00,4.440405260170214065e-03
4.904296875000000000e+00,4.477021870958147048e-03
4.905273437500000000e+00,4.509429136296846767e-03
4.906250000000000000e+00,4.537596586517231127e-03
4.907226562500000000e+00,4.561497738271258658e-03
4.908203125000000000e+00,4.581110119431861319e-03
4.909179687500000000e+00,4.596415290221489598e-03
4.910156250000000000e+00,4.607398860549393425e-03
4.911132812500000000e+00,4.614050503541345521e-03
4.912109375000000000e+00,4.616363965249081248e-03
4.913085937500000000e+00,4.614337070530331181e-03
4.914062500000000000e+00,4.607971725093914367e-03
4.915039062500000000e+00,4.597273913707968472e-03
4.916015625000000000e+00,4.582253694573005555e-03
4.916992187500000000e+00,4.562925189865080049e-03
4.917968750000000000e+00,4.539306572457963741e-03
4.918945312500000000e+00,4.511420048836807355e-03
4.919921875000000000e+00,4.479291838219360070e-03
4.920898437500000000e+00,4.442952147904369320e-03
4.921875000000000000e+00,4.402435144870344569e-03
4.922851562500000000e+00,4.357778923651387665e-03
4.923828125000000000e+00,4.309025470520290446e-03
4.924804687500000000e+00,4.256220624012576649e-03
4.925781250000000000e+00,4.199414031828604260e-03
4.926757812500000000e+00,4.138659104154247988e-03
4.927734375000000000e+00,4.074012963444054690e-03
4.928710937500000000e+00,4.005536390714077057e-03
4.929687500000000000e+00,3.933293768394892018e-03
4.930664062500000000e+00,3.857353019798528265e-03
4.931640625000000000e+00,3.777785545256216997e-03
4.932617187500000000e+00,3.694666154987011602e-03
4.933593750000000000e+00,3.608072998760392027e-03
4.934570312500000000e+00,3.518087492418988001e-03
4.935546875000000000e+00,3.424794241330504727e-03
4.936523437500000000e+00,3.328280960840819969e-03
4.937500000000000000e+00,3.228638393803046850e-03
4.938476562500000000e+00,3.125960225260099746e-03
4.939453125000000000e+00,3.020342994360982088e-03
4.940429687500000000e+00,2.911886003593611334e-03
4.941406250000000000e+00,2.800691225419521709e-03
4.942382812500000000e+00,2.686863206398228641e-03
4.943359375000000000e+00,2.570508968891398963e-03
4.944335937500000000e+00,2.451737910439242499e-03
4.945312500000000000e+00,2.330661700903735589e-03
4.946289062500000000e+00,2.207394177475383457e-03
4.947265625000000000e+00,2.082051237642234143e-03
4.948242187500000000e+00,1.954750730221780503e-03
4.949218750000000000e+00,1.825612344558197840e-03
4.950195312500000000e+00,1.694757497989101205e-03
4.951171875000000000e+00,1.562309221687620958e-03
4.952148437500000000e+00,1.428392044987135227e-03
4.953125000000000000e+00,1.293131878297413195e-03
4.954101562500000000e+00,1.156655894722256710e-03
4.955078125000000000e+00,1.019092410489942039e-03
4.956054687500000000e+00,8.805707643088837681e-04
4.957031250000000000e+00,7.412211957619517034e-04
4.958007812500000000e+00,6.011747228537754270e-04
4.958984375000000000e+00,4.605630188261680973e-04
4.959960937500000000e+00,3.195182883574890090e-04
4.960937500000000000e+00,1.781731432623437773e-04
4.961914062500000000e+00,3.666047780849040994e-05
4.962890625000000000e+00,-1.048866562318201575e-04
4.963867187500000000e+00,-2.463351746785910146e-04
4.964843750000000000e+00,-3.875520860712963495e-04
4.965820312500000000e+00,-5.284046167089225410e-04
4.966796875000000000e+00,-6.687603354852696786e-04
4.967773437500000000e+00,-8.084872784021411704e-04
4.968750000000000000e+00,-9.474540726433534898e-04
4.969726562500000000e+00,-1.085530060092910381e-03
4.970703125000000000e+00,-1.222585420181207527e-03
4.971679687500000000e+00,-1.358491291943766770e-03
4.972656250000000000e+00,-1.493119895177739661e-03
4.973632812500000000e+00,-1.626344650582266498e-03
4.974609375000000000e+00,-1.758040298769733990e-03
4.975585937500000000e+00,-1.888083018036036242e-03
4.976562500000000000e+00,-2.016350540779109080e-03
4.977539062500000000e+00,-2.142722268456282060e-03
4.978515625000000000e+00,-2.267079384972359949e-03
4.979492187500000000e+00,-2.389304968391829914e-03
4.980468750000000000e+00,-2.509284100870156492e-03
4.981445312500000000e+00,-2.626903976700810817e-03
4.982421875000000000e+00,-2.742054008376441313e-03
4.983398437500000000e+00,-2.854625930564470924e-03
4.984375000000000000e+00,-2.964513901899360100e-03
4.985351562500000000e+00,-3.071614604495827815e-03
4.986328125000000000e+00,-3.175827341089469593e-03
4.987304687500000000e+00,-3.277054129713438506e-03
4.988281250000000000e+00,-3.375199795822173953e-03
4.989257812500000000e+00,-3.470172061775560028e-03
4.990234375000000000e+00,-3.561881633599384579e-03
4.991210937500000000e+00,-3.650242284940519687e-03
4.992187500000000000e+00,-3.735170938137891486e-03
4.993164062500000000e+00,-3.816587742333016429e-03
4.994140625000000000e+00,-3.894416148546660586e-03
4.995117187500000000e+00,-3.968582981651035645e-03
4.996093750000000000e+00,-4.039018509169864379e-03
4.997070312500000000e+00,-4.105656506841623421e-03
4.998046875000000000e+00,-4.168434320884328165e-03
4.999023437500000000e+00,-4.227292926903309864e-03
